"Tag Code","Site Name","First Time Value","Count"
"3DD.003DE4C874","BO1 - Bonneville Bradford Is. Ladder","5/14/2025 6:05:26 PM","1"
"3DD.003D7F5D58","BO1 - Bonneville Bradford Is. Ladder","5/12/2025 5:21:13 PM","1"
"3DD.003DFA112E","BO1 - Bonneville Bradford Is. Ladder","5/12/2025 4:49:50 PM","1"
"3DD.003DFA11DF","BO1 - Bonneville Bradford Is. Ladder","5/11/2025 3:00:10 PM","1"
"3DD.003D53C705","BO1 - Bonneville Bradford Is. Ladder","5/10/2025 2:00:34 PM","1"
"3DD.003DFA110D","BO4 - Bonneville WA Ladder Slots","5/4/2025 4:04:23 PM","1"
"3DD.003DFA110D","BO2 - Bonneville Cascades Is. Ladder","5/4/2025 3:30:15 PM","1"
"3DD.003D7F4350","BO1 - Bonneville Bradford Is. Ladder","7/3/2024 7:12:29 AM","1"
"3DD.003D7F42F7","BO1 - Bonneville Bradford Is. Ladder","6/27/2024 4:21:11 PM","1"
"3DD.0077BF50E8","BO1 - Bonneville Bradford Is. Ladder","6/23/2024 2:52:55 PM","1"
"3DD.003D5830BA","BO1 - Bonneville Bradford Is. Ladder","6/22/2024 2:38:07 PM","1"
"3DD.003D7F2FB0","BO4 - Bonneville WA Ladder Slots","6/17/2024 7:53:26 AM","1"
"3DD.003D7F5D6D","BO4 - Bonneville WA Ladder Slots","6/17/2024 5:25:09 AM","1"
"3DD.003D7F2FB0","BO2 - Bonneville Cascades Is. Ladder","6/17/2024 4:57:38 AM","1"
"3DD.003D7F5D6D","BO3 - Bonneville WA Shore Ladder/AFF","6/16/2024 8:06:55 PM","1"
"3DD.003D7F4490","BO1 - Bonneville Bradford Is. Ladder","6/16/2024 2:33:39 PM","1"
"3DD.003D7F4476","BO4 - Bonneville WA Ladder Slots","6/16/2024 8:55:32 AM","1"
"3DD.003D7F4476","BO3 - Bonneville WA Shore Ladder/AFF","6/16/2024 7:11:50 AM","1"
"384.3B23AB9DDB","BO4 - Bonneville WA Ladder Slots","6/14/2024 5:17:36 AM","1"
"384.3B23AB9DDB","BO2 - Bonneville Cascades Is. Ladder","6/14/2024 3:45:49 AM","1"
"3DD.003D7F41F2","BO4 - Bonneville WA Ladder Slots","6/13/2024 5:04:31 PM","1"
"3DD.003D7F41F2","BO3 - Bonneville WA Shore Ladder/AFF","6/13/2024 3:25:24 PM","1"
"3DD.003D58307E","BO4 - Bonneville WA Ladder Slots","6/11/2024 5:46:16 AM","1"
"3DD.003D58307E","BO3 - Bonneville WA Shore Ladder/AFF","6/11/2024 4:36:15 AM","1"
"3DD.003D7F41A9","BO4 - Bonneville WA Ladder Slots","6/5/2024 2:45:45 PM","1"
"3DD.003D7F41A9","BO3 - Bonneville WA Shore Ladder/AFF","6/5/2024 12:00:54 PM","1"
"3DD.003D581270","BO1 - Bonneville Bradford Is. Ladder","6/4/2024 4:50:25 PM","1"
"3DD.003DE4C7B4","BO1 - Bonneville Bradford Is. Ladder","6/2/2024 9:04:22 AM","1"
"3DD.003D7F41DD","BO4 - Bonneville WA Ladder Slots","5/31/2024 3:40:01 PM","1"
"3DD.003D7F41DD","BO3 - Bonneville WA Shore Ladder/AFF","5/31/2024 2:24:40 PM","1"
"3DD.003D7F5E56","BO4 - Bonneville WA Ladder Slots","5/29/2024 6:50:50 AM","1"
"3DD.003D53C1AF","BO4 - Bonneville WA Ladder Slots","5/28/2024 3:13:33 PM","1"
"3DD.003D7F5E56","BO2 - Bonneville Cascades Is. Ladder","5/28/2024 2:07:46 PM","1"
"3DD.003D53C1AF","BO3 - Bonneville WA Shore Ladder/AFF","5/27/2024 5:46:58 PM","1"
"3DD.003D795570","BO1 - Bonneville Bradford Is. Ladder","5/27/2024 9:12:44 AM","1"
"3DD.003D7F376D","BO1 - Bonneville Bradford Is. Ladder","5/25/2024 9:47:03 AM","1"
"384.3B23AC1C77","BO4 - Bonneville WA Ladder Slots","5/22/2024 10:29:21 AM","1"
"384.3B23AC1C77","BO3 - Bonneville WA Shore Ladder/AFF","5/22/2024 9:09:20 AM","1"
"3DD.0077BFAD0E","BO4 - Bonneville WA Ladder Slots","5/20/2024 6:21:02 PM","1"
"3DD.0077BFAD0E","BO3 - Bonneville WA Shore Ladder/AFF","5/20/2024 4:36:30 PM","1"
"3DD.003D7F383B","BO4 - Bonneville WA Ladder Slots","5/20/2024 12:10:33 PM","1"
"384.3B23AC15D8","BO4 - Bonneville WA Ladder Slots","5/20/2024 11:36:54 AM","1"
"384.3B23AC15D8","BO2 - Bonneville Cascades Is. Ladder","5/20/2024 5:12:34 AM","1"
"3DD.003D7F383B","BO2 - Bonneville Cascades Is. Ladder","5/19/2024 2:59:44 PM","1"
"3DD.003D7F425D","BO1 - Bonneville Bradford Is. Ladder","5/13/2024 4:50:36 AM","1"
"3DD.003D7F5E3F","BO4 - Bonneville WA Ladder Slots","5/12/2024 4:23:59 PM","1"
"3DD.003D7F5E3F","BO3 - Bonneville WA Shore Ladder/AFF","5/12/2024 3:32:05 PM","1"
"3DD.003DE4C847","BO1 - Bonneville Bradford Is. Ladder","5/11/2024 11:49:48 AM","1"
"3DD.003D7F37E1","BO1 - Bonneville Bradford Is. Ladder","5/6/2024 6:03:12 PM","1"
"3DD.003D7F3837","BO4 - Bonneville WA Ladder Slots","6/28/2023 12:26:47 PM","1"
"3DD.003D7F3837","BO3 - Bonneville WA Shore Ladder/AFF","6/28/2023 10:59:42 AM","1"
"3DD.003D795573","BO1 - Bonneville Bradford Is. Ladder","6/19/2023 12:08:07 PM","1"
"3DD.003D5810D3","BO4 - Bonneville WA Ladder Slots","6/18/2023 10:56:45 AM","1"
"3DD.003D5810D3","BO2 - Bonneville Cascades Is. Ladder","6/18/2023 8:36:41 AM","1"
"3DD.003D5812AC","BO1 - Bonneville Bradford Is. Ladder","6/17/2023 5:44:02 PM","1"
"3DD.003D5813A1","BO1 - Bonneville Bradford Is. Ladder","6/17/2023 5:26:23 AM","1"
"3DD.003D794BFC","BO1 - Bonneville Bradford Is. Ladder","6/16/2023 10:37:35 AM","1"
"3DD.003D79534A","BO1 - Bonneville Bradford Is. Ladder","6/16/2023 9:59:58 AM","1"
"3DD.0077B3644C","BO1 - Bonneville Bradford Is. Ladder","6/13/2023 3:31:32 PM","1"
"3DD.003DE4C771","BO4 - Bonneville WA Ladder Slots","6/13/2023 10:23:30 AM","1"
"3DD.003DE4C771","BO2 - Bonneville Cascades Is. Ladder","6/13/2023 9:39:59 AM","1"
"3DD.0077B363BA","BO4 - Bonneville WA Ladder Slots","6/12/2023 3:58:20 AM","1"
"3DD.0077B363BA","BO2 - Bonneville Cascades Is. Ladder","6/11/2023 6:15:59 PM","1"
"384.3B23ABEED0","BO1 - Bonneville Bradford Is. Ladder","6/8/2023 11:15:00 AM","1"
"3DD.003D794BC4","BO1 - Bonneville Bradford Is. Ladder","6/7/2023 1:23:22 PM","1"
"384.3B23AC0753","BO1 - Bonneville Bradford Is. Ladder","6/6/2023 2:47:46 PM","1"
"3DD.0077B31639","BO4 - Bonneville WA Ladder Slots","6/6/2023 5:52:05 AM","1"
"3DD.0077B31639","BO2 - Bonneville Cascades Is. Ladder","6/6/2023 4:01:44 AM","1"
"3DD.003D5816C0","BO1 - Bonneville Bradford Is. Ladder","6/5/2023 8:37:34 AM","1"
"3DD.003D795236","BO4 - Bonneville WA Ladder Slots","6/4/2023 4:44:41 AM","1"
"3DD.003D795236","BO2 - Bonneville Cascades Is. Ladder","6/3/2023 4:39:00 PM","1"
"3DD.0077B33C92","BO4 - Bonneville WA Ladder Slots","6/3/2023 5:09:37 AM","1"
"3DD.0077B33C92","BO2 - Bonneville Cascades Is. Ladder","6/2/2023 6:54:51 PM","1"
"3DD.003D581A1B","BO1 - Bonneville Bradford Is. Ladder","6/2/2023 1:16:32 PM","1"
"384.3B23AD629A","BO4 - Bonneville WA Ladder Slots","5/30/2023 12:32:47 PM","1"
"384.3B23AD629A","BO3 - Bonneville WA Shore Ladder/AFF","5/30/2023 7:52:51 AM","1"
"3DD.003D5819E8","BO1 - Bonneville Bradford Is. Ladder","5/29/2023 7:53:08 PM","1"
"3DD.0077B37C7A","BO4 - Bonneville WA Ladder Slots","5/26/2023 1:46:00 PM","1"
"3DD.0077B37C7A","BO2 - Bonneville Cascades Is. Ladder","5/26/2023 12:37:00 PM","1"
"3DD.0077B37C7A","BO1 - Bonneville Bradford Is. Ladder","5/24/2023 12:34:43 PM","1"
"3DD.003D5814EF","BO4 - Bonneville WA Ladder Slots","5/24/2023 4:18:23 AM","1"
"3DD.003D5814EF","BO2 - Bonneville Cascades Is. Ladder","5/23/2023 7:39:47 PM","1"
"3DD.003D5814EF","BO3 - Bonneville WA Shore Ladder/AFF","5/23/2023 5:38:16 PM","1"
"3DD.003D582F96","BO4 - Bonneville WA Ladder Slots","5/21/2023 2:11:24 PM","1"
"3DD.003D582F96","BO2 - Bonneville Cascades Is. Ladder","5/21/2023 12:53:58 PM","1"
"3DD.003D581247","BO1 - Bonneville Bradford Is. Ladder","5/21/2023 9:55:32 AM","1"
"384.3B23ABECC8","BO1 - Bonneville Bradford Is. Ladder","5/20/2023 7:18:50 PM","1"
"3DD.003D581372","BO4 - Bonneville WA Ladder Slots","5/20/2023 12:38:59 PM","1"
"3DD.003D581372","BO2 - Bonneville Cascades Is. Ladder","5/20/2023 11:01:51 AM","1"
"384.3B23ABF990","BO1 - Bonneville Bradford Is. Ladder","5/20/2023 7:48:59 AM","1"
"3DD.003D795390","BO4 - Bonneville WA Ladder Slots","5/19/2023 6:14:56 PM","1"
"3DD.003D795390","BO3 - Bonneville WA Shore Ladder/AFF","5/19/2023 5:15:28 PM","1"
"3DD.003D583003","BO4 - Bonneville WA Ladder Slots","5/19/2023 4:37:24 PM","1"
"3DD.003D583003","BO3 - Bonneville WA Shore Ladder/AFF","5/19/2023 3:10:46 PM","1"
"3DD.003D5819BA","BO4 - Bonneville WA Ladder Slots","5/18/2023 11:14:43 AM","1"
"3DD.003D5819BA","BO3 - Bonneville WA Shore Ladder/AFF","5/18/2023 8:30:42 AM","1"
"3DD.0077B330B5","BO4 - Bonneville WA Ladder Slots","5/17/2023 1:00:27 PM","1"
"3DD.0077B330B5","BO2 - Bonneville Cascades Is. Ladder","5/17/2023 11:54:31 AM","1"
"384.3B23AC2865","BO4 - Bonneville WA Ladder Slots","5/16/2023 1:30:36 PM","1"
"384.3B23AC2865","BO2 - Bonneville Cascades Is. Ladder","5/16/2023 12:58:26 PM","1"
"3DD.003D794C41","BO4 - Bonneville WA Ladder Slots","5/15/2023 5:21:19 PM","1"
"3DD.003D794C41","BO3 - Bonneville WA Shore Ladder/AFF","5/15/2023 4:45:40 PM","1"
"3DD.003D7951F0","BO1 - Bonneville Bradford Is. Ladder","5/15/2023 3:07:01 PM","1"
"3DD.003D794D84","BO4 - Bonneville WA Ladder Slots","5/11/2023 8:15:43 PM","1"
"3DD.003D794D84","BO3 - Bonneville WA Shore Ladder/AFF","5/11/2023 7:19:37 PM","1"
"3DD.0077B2CC9A","BO4 - Bonneville WA Ladder Slots","5/11/2023 4:15:42 PM","1"
"3DD.0077B2CC9A","BO3 - Bonneville WA Shore Ladder/AFF","5/11/2023 2:36:58 PM","1"
"3DD.003D582EC6","BO4 - Bonneville WA Ladder Slots","5/10/2023 4:49:06 PM","1"
"3DD.003D582EC6","BO3 - Bonneville WA Shore Ladder/AFF","5/10/2023 3:29:15 PM","1"
"3DD.003D7952DE","BO1 - Bonneville Bradford Is. Ladder","5/9/2023 3:20:48 PM","1"
"3DD.003D581615","BO1 - Bonneville Bradford Is. Ladder","5/9/2023 3:09:53 PM","1"
"3DD.003D794D03","BO1 - Bonneville Bradford Is. Ladder","5/8/2023 4:10:47 PM","1"
"384.3B23ABE855","BO4 - Bonneville WA Ladder Slots","5/6/2023 3:08:03 PM","1"
"384.3B23ABEC72","BO1 - Bonneville Bradford Is. Ladder","5/1/2023 10:37:30 AM","1"
"3DD.003D582F37","BO1 - Bonneville Bradford Is. Ladder","7/6/2022 8:45:18 AM","1"
"3DD.0077B320B4","BO4 - Bonneville WA Ladder Slots","7/2/2022 2:50:30 PM","1"
"3DD.0077B320B4","BO3 - Bonneville WA Shore Ladder/AFF","7/2/2022 11:50:16 AM","1"
"3DD.0077B320B4","BO1 - Bonneville Bradford Is. Ladder","6/29/2022 3:26:59 PM","1"
"3DD.0077B2C10C","BO4 - Bonneville WA Ladder Slots","6/27/2022 1:27:47 PM","1"
"3DD.0077B2C10C","BO2 - Bonneville Cascades Is. Ladder","6/27/2022 12:31:37 PM","1"
"3DD.0077B2C10C","BO1 - Bonneville Bradford Is. Ladder","6/27/2022 7:30:05 AM","1"
"3DD.0077B2F304","BO4 - Bonneville WA Ladder Slots","6/25/2022 8:09:54 AM","1"
"3DD.0077B2F304","BO3 - Bonneville WA Shore Ladder/AFF","6/25/2022 6:55:50 AM","1"
"3DD.003D581985","BO4 - Bonneville WA Ladder Slots","6/21/2022 9:48:32 AM","1"
"3DD.003D581985","BO3 - Bonneville WA Shore Ladder/AFF","6/21/2022 8:12:25 AM","1"
"3DD.0077B2E744","BO4 - Bonneville WA Ladder Slots","6/17/2022 2:33:15 PM","1"
"3DD.0077B2E744","BO3 - Bonneville WA Shore Ladder/AFF","6/17/2022 12:55:36 PM","1"
"3DD.003D795279","BO1 - Bonneville Bradford Is. Ladder","6/12/2022 2:48:09 PM","1"
"3DD.003D5811BA","BO1 - Bonneville Bradford Is. Ladder","6/10/2022 4:20:54 PM","1"
"3DD.003D581724","BO1 - Bonneville Bradford Is. Ladder","6/9/2022 6:00:21 PM","1"
"384.3B23AC13AC","BO4 - Bonneville WA Ladder Slots","6/9/2022 2:01:03 PM","1"
"384.3B23AC13AC","BO2 - Bonneville Cascades Is. Ladder","6/9/2022 12:23:18 PM","1"
"3DD.003D371F27","BO4 - Bonneville WA Ladder Slots","6/9/2022 6:03:06 AM","1"
"3DD.003D371F27","BO2 - Bonneville Cascades Is. Ladder","6/8/2022 5:31:23 PM","1"
"384.3B23ABDF40","BO1 - Bonneville Bradford Is. Ladder","6/6/2022 6:11:53 PM","1"
"3DD.003D58134A","BO1 - Bonneville Bradford Is. Ladder","6/6/2022 4:36:53 PM","1"
"3DD.0077B33CD7","BO4 - Bonneville WA Ladder Slots","6/6/2022 7:26:47 AM","1"
"3DD.0077B33CD7","BO2 - Bonneville Cascades Is. Ladder","6/5/2022 7:30:53 PM","1"
"384.3B23AB96D3","BO1 - Bonneville Bradford Is. Ladder","6/3/2022 2:36:10 PM","1"
"3DD.0077B25227","BO4 - Bonneville WA Ladder Slots","6/2/2022 5:40:28 AM","1"
"3DD.0077B25227","BO2 - Bonneville Cascades Is. Ladder","6/1/2022 7:04:10 PM","1"
"3DD.0077B0C959","BO4 - Bonneville WA Ladder Slots","6/1/2022 3:32:06 PM","1"
"3DD.0077B0C959","BO2 - Bonneville Cascades Is. Ladder","6/1/2022 2:19:30 PM","1"
"3DD.0077B2D125","BO4 - Bonneville WA Ladder Slots","6/1/2022 2:14:31 PM","1"
"3DD.0077B2D125","BO3 - Bonneville WA Shore Ladder/AFF","6/1/2022 12:37:31 PM","1"
"3DD.0077B23718","BO4 - Bonneville WA Ladder Slots","5/26/2022 5:49:57 PM","1"
"3DD.0077B23718","BO3 - Bonneville WA Shore Ladder/AFF","5/26/2022 3:41:29 PM","1"
"3DD.003D371823","BO1 - Bonneville Bradford Is. Ladder","5/26/2022 7:27:53 AM","1"
"3DD.003D371823","BO3 - Bonneville WA Shore Ladder/AFF","5/23/2022 8:55:16 AM","1"
"3DD.0077B32F4A","BO1 - Bonneville Bradford Is. Ladder","5/23/2022 6:50:30 AM","1"
"3DD.003D3704BD","BO4 - Bonneville WA Ladder Slots","5/22/2022 3:57:21 PM","1"
"3DD.003D3704BD","BO3 - Bonneville WA Shore Ladder/AFF","5/22/2022 2:40:39 PM","1"
"3DD.00777476E4","BO1 - Bonneville Bradford Is. Ladder","5/22/2022 2:39:09 PM","1"
"3DD.0077B2F3AF","BO4 - Bonneville WA Ladder Slots","5/21/2022 6:30:08 PM","1"
"3DD.0077B2F3AF","BO3 - Bonneville WA Shore Ladder/AFF","5/21/2022 5:03:19 PM","1"
"3DD.0077B3A477","BO4 - Bonneville WA Ladder Slots","5/19/2022 3:15:14 PM","1"
"3DD.0077B3A477","BO3 - Bonneville WA Shore Ladder/AFF","5/19/2022 1:39:59 PM","1"
"3DD.0077B23453","BO4 - Bonneville WA Ladder Slots","5/18/2022 4:35:54 PM","1"
"3DD.0077B23453","BO3 - Bonneville WA Shore Ladder/AFF","5/18/2022 3:02:50 PM","1"
"3DD.0077B2D56F","BO4 - Bonneville WA Ladder Slots","5/17/2022 5:20:44 PM","1"
"3DD.0077B23453","BO1 - Bonneville Bradford Is. Ladder","5/17/2022 4:13:32 PM","1"
"3DD.0077B2D56F","BO3 - Bonneville WA Shore Ladder/AFF","5/17/2022 3:21:05 PM","1"
"384.3B23AC1C62","BO4 - Bonneville WA Ladder Slots","5/17/2022 11:27:07 AM","1"
"3DD.0077B3289D","BO4 - Bonneville WA Ladder Slots","5/16/2022 6:17:09 PM","1"
"3DD.0077AF2B8A","BO4 - Bonneville WA Ladder Slots","5/16/2022 5:54:00 PM","1"
"384.3B23AC1C62","BO3 - Bonneville WA Shore Ladder/AFF","5/16/2022 5:21:50 PM","1"
"3DD.0077B3289D","BO3 - Bonneville WA Shore Ladder/AFF","5/16/2022 5:03:29 PM","1"
"3DD.0077AF2B8A","BO3 - Bonneville WA Shore Ladder/AFF","5/16/2022 4:54:20 PM","1"
"3DD.0077B3256D","BO1 - Bonneville Bradford Is. Ladder","5/15/2022 12:48:09 PM","1"
"3DD.0077B2FB64","BO4 - Bonneville WA Ladder Slots","5/11/2022 2:29:48 PM","1"
"3DD.0077B2FB64","BO3 - Bonneville WA Shore Ladder/AFF","5/11/2022 1:20:01 PM","1"
"3DD.0077B365C9","BO4 - Bonneville WA Ladder Slots","5/11/2022 1:15:36 PM","1"
"3DD.0077B30718","BO4 - Bonneville WA Ladder Slots","5/11/2022 12:53:35 PM","1"
"3DD.0077B30718","BO3 - Bonneville WA Shore Ladder/AFF","5/11/2022 11:33:07 AM","1"
"3DD.0077B365C9","BO3 - Bonneville WA Shore Ladder/AFF","5/11/2022 11:31:53 AM","1"
"3DD.0077AECF16","BO1 - Bonneville Bradford Is. Ladder","5/10/2022 4:05:44 PM","1"
"3DD.0077B364CF","BO1 - Bonneville Bradford Is. Ladder","5/10/2022 6:47:35 AM","1"
"3DD.0077B67B0A","BO4 - Bonneville WA Ladder Slots","5/8/2022 7:47:38 AM","1"
"3DD.0077B67B0A","BO3 - Bonneville WA Shore Ladder/AFF","5/8/2022 5:58:27 AM","1"
"3DD.003D3718F5","BO4 - Bonneville WA Ladder Slots","5/5/2022 5:24:28 AM","1"
"3DD.003D3718F5","BO3 - Bonneville WA Shore Ladder/AFF","5/4/2022 10:34:47 PM","1"
"3DD.0077B0C5A0","BO4 - Bonneville WA Ladder Slots","5/4/2022 3:24:56 PM","1"
"3DD.0077B0C5A0","BO2 - Bonneville Cascades Is. Ladder","5/4/2022 2:45:02 PM","1"
"3DD.0077AE534A","BO4 - Bonneville WA Ladder Slots","5/4/2022 11:30:58 AM","1"
"3DD.0077AE534A","BO2 - Bonneville Cascades Is. Ladder","5/4/2022 10:55:13 AM","1"
"3DD.003D371859","BO4 - Bonneville WA Ladder Slots","4/29/2022 4:55:23 PM","1"
"3DD.003D371859","BO3 - Bonneville WA Shore Ladder/AFF","4/29/2022 3:33:03 PM","1"
"3DD.0077B3C27B","BO1 - Bonneville Bradford Is. Ladder","4/23/2022 1:43:04 PM","1"
"3DD.0077B0A289","BO1 - Bonneville Bradford Is. Ladder","6/24/2021 3:12:56 PM","1"
"3DD.007772C1EE","BO4 - Bonneville WA Ladder Slots","6/18/2021 9:47:59 AM","1"
"3DD.007772C1EE","BO2 - Bonneville Cascades Is. Ladder","6/18/2021 6:33:54 AM","1"
"3DD.0077B0546C","BO4 - Bonneville WA Ladder Slots","6/16/2021 9:51:10 AM","1"
"3DD.0077B0546C","BO3 - Bonneville WA Shore Ladder/AFF","6/16/2021 8:24:54 AM","1"
"3DD.00775DBCA2","BO4 - Bonneville WA Ladder Slots","6/7/2021 3:55:49 PM","1"
"3DD.00775DBCA2","BO3 - Bonneville WA Shore Ladder/AFF","6/7/2021 1:53:08 PM","1"
"3DD.0077AE268C","BO4 - Bonneville WA Ladder Slots","6/7/2021 11:55:13 AM","1"
"3DD.0077AE268C","BO3 - Bonneville WA Shore Ladder/AFF","6/7/2021 10:20:45 AM","1"
"3DD.0077B04965","BO4 - Bonneville WA Ladder Slots","6/5/2021 2:20:21 PM","1"
"3DD.0077A0099E","BO4 - Bonneville WA Ladder Slots","6/4/2021 1:14:36 PM","1"
"3DD.0077A0099E","BO3 - Bonneville WA Shore Ladder/AFF","6/4/2021 11:26:41 AM","1"
"3DD.0077C427CA","BO1 - Bonneville Bradford Is. Ladder","6/3/2021 4:42:04 PM","1"
"3DD.0077B6014C","BO1 - Bonneville Bradford Is. Ladder","6/2/2021 10:56:51 AM","1"
"3DD.0077B60055","BO4 - Bonneville WA Ladder Slots","6/1/2021 5:07:09 PM","1"
"3DD.0077B60055","BO3 - Bonneville WA Shore Ladder/AFF","6/1/2021 3:43:24 PM","1"
"3DD.0077A04FF7","BO4 - Bonneville WA Ladder Slots","5/30/2021 4:28:37 PM","1"
"3DD.0077A04FF7","BO3 - Bonneville WA Shore Ladder/AFF","5/30/2021 2:27:16 PM","1"
"3DD.0077B2B527","BO4 - Bonneville WA Ladder Slots","5/29/2021 11:10:44 AM","1"
"3DD.0077B2B527","BO2 - Bonneville Cascades Is. Ladder","5/28/2021 5:19:40 PM","1"
"3DD.0077B3A4B8","BO1 - Bonneville Bradford Is. Ladder","5/27/2021 5:15:57 PM","1"
"3DD.0077B68917","BO4 - Bonneville WA Ladder Slots","5/27/2021 2:31:52 PM","1"
"3DD.0077B68917","BO2 - Bonneville Cascades Is. Ladder","5/27/2021 10:35:15 AM","1"
"3DD.0077ADCFC3","BO1 - Bonneville Bradford Is. Ladder","5/25/2021 3:39:20 PM","1"
"3DD.0077B70377","BO1 - Bonneville Bradford Is. Ladder","5/25/2021 1:37:18 PM","1"
"3DD.007772B03C","BO1 - Bonneville Bradford Is. Ladder","5/24/2021 9:14:33 AM","1"
"3DD.0077A01D2D","BO4 - Bonneville WA Ladder Slots","5/19/2021 12:14:46 PM","1"
"3DD.0077A01D2D","BO3 - Bonneville WA Shore Ladder/AFF","5/19/2021 11:00:13 AM","1"
"3DD.0077728A00","BO4 - Bonneville WA Ladder Slots","5/19/2021 8:42:30 AM","1"
"3DD.0077728A00","BO3 - Bonneville WA Shore Ladder/AFF","5/19/2021 7:01:10 AM","1"
"3DD.0077B0EF3A","BO4 - Bonneville WA Ladder Slots","5/15/2021 12:32:10 PM","1"
"3DD.0077733DD1","BO1 - Bonneville Bradford Is. Ladder","5/14/2021 6:45:45 PM","1"
"3DD.0077B6199B","BO4 - Bonneville WA Ladder Slots","5/14/2021 4:36:44 PM","1"
"3DD.0077B6199B","BO3 - Bonneville WA Shore Ladder/AFF","5/14/2021 3:41:18 PM","1"
"3DD.00777376AC","BO1 - Bonneville Bradford Is. Ladder","5/14/2021 12:40:00 PM","1"
"3DD.0077B6077E","BO4 - Bonneville WA Ladder Slots","5/14/2021 4:29:21 AM","1"
"3DD.0077B6077E","BO3 - Bonneville WA Shore Ladder/AFF","5/13/2021 7:40:02 PM","1"
"3DD.007773E3EE","BO4 - Bonneville WA Ladder Slots","5/13/2021 10:50:10 AM","1"
"3DD.0077B06E28","BO1 - Bonneville Bradford Is. Ladder","5/12/2021 4:41:02 PM","1"
"3D6.001842FF04","BO4 - Bonneville WA Ladder Slots","5/12/2021 4:16:37 PM","1"
"3D6.001842FF04","BO3 - Bonneville WA Shore Ladder/AFF","5/12/2021 3:01:20 PM","1"
"3DD.00775E5A5E","BO4 - Bonneville WA Ladder Slots","5/12/2021 12:08:46 PM","1"
"3DD.00775E5A5E","BO3 - Bonneville WA Shore Ladder/AFF","5/12/2021 10:48:07 AM","1"
"3DD.0077B665D8","BO1 - Bonneville Bradford Is. Ladder","5/6/2021 12:42:24 PM","1"
"3DD.0077740598","BO4 - Bonneville WA Ladder Slots","6/17/2020 5:30:52 PM","1"
"3DD.0077740598","BO3 - Bonneville WA Shore Ladder/AFF","6/17/2020 3:56:50 PM","1"
"3DD.00775D167E","BO1 - Bonneville Bradford Is. Ladder","6/14/2020 11:08:19 AM","1"
"3DD.0077AF508D","BO1 - Bonneville Bradford Is. Ladder","6/14/2020 9:49:54 AM","1"
"3DD.0077874E1B","BO4 - Bonneville WA Ladder Slots","6/10/2020 8:12:54 AM","1"
"3DD.0077874E1B","BO3 - Bonneville WA Shore Ladder/AFF","6/10/2020 6:42:57 AM","1"
"3DD.007786CE37","BO4 - Bonneville WA Ladder Slots","6/8/2020 10:12:42 AM","1"
"3DD.007786CE37","BO2 - Bonneville Cascades Is. Ladder","6/7/2020 12:29:00 PM","1"
"3DD.0077B39CC2","BO4 - Bonneville WA Ladder Slots","6/3/2020 10:19:03 AM","1"
"3DD.0077B39CC2","BO2 - Bonneville Cascades Is. Ladder","6/3/2020 7:01:40 AM","1"
"3D6.001842FCA5","BO1 - Bonneville Bradford Is. Ladder","6/3/2020 6:02:27 AM","1"
"3DD.0077866E7E","BO1 - Bonneville Bradford Is. Ladder","5/15/2020 1:34:43 PM","1"
"3DD.00779C04A2","BO1 - Bonneville Bradford Is. Ladder","5/2/2020 10:14:38 AM","1"
"3D9.1C2DDB7D7B","BO4 - Bonneville WA Ladder Slots","6/30/2019 10:05:54 AM","1"
"3D9.1C2DDB7D7B","BO3 - Bonneville WA Shore Ladder/AFF","6/30/2019 6:56:56 AM","1"
"3D6.001842FDD7","BO4 - Bonneville WA Ladder Slots","6/25/2019 7:15:03 AM","1"
"3D6.001842FDD7","BO3 - Bonneville WA Shore Ladder/AFF","6/25/2019 5:20:45 AM","1"
"3D9.1C2DDA0F09","BO4 - Bonneville WA Ladder Slots","5/31/2019 8:38:50 AM","1"
"3D9.1C2DDA0F09","BO2 - Bonneville Cascades Is. Ladder","5/31/2019 6:53:28 AM","1"
"3D6.00183BAF4A","BO4 - Bonneville WA Ladder Slots","5/20/2019 11:39:17 AM","1"
"3D6.00183BAF4A","BO3 - Bonneville WA Shore Ladder/AFF","5/20/2019 7:17:18 AM","1"
"3DD.007750B891","BO4 - Bonneville WA Ladder Slots","5/3/2019 3:50:31 PM","1"
"3DD.007750B891","BO3 - Bonneville WA Shore Ladder/AFF","5/3/2019 9:27:03 AM","1"
"3D9.1C2DDA1CDE","BO4 - Bonneville WA Ladder Slots","6/12/2018 11:34:06 AM","1"
"3D9.1C2DDA1CDE","BO2 - Bonneville Cascades Is. Ladder","6/12/2018 9:41:20 AM","1"
"3D9.1C2DDA2E62","BO4 - Bonneville WA Ladder Slots","6/3/2018 3:18:36 PM","1"
"3D9.1C2DDA2E62","BO3 - Bonneville WA Shore Ladder/AFF","6/3/2018 1:45:44 PM","1"
"3DD.0077800723","BO1 - Bonneville Bradford Is. Ladder","6/2/2018 6:16:14 AM","1"
"3DD.00778C1C7A","BO4 - Bonneville WA Ladder Slots","5/24/2018 4:14:55 PM","1"
"3DD.00778C1C7A","BO2 - Bonneville Cascades Is. Ladder","5/24/2018 2:37:35 PM","1"
"3D6.0018335933","BO1 - Bonneville Bradford Is. Ladder","5/23/2018 8:01:19 AM","1"
"3D9.1C2DE8A2D9","BO1 - Bonneville Bradford Is. Ladder","5/21/2018 3:52:47 PM","1"
"3D9.1C2DDAF79D","BO4 - Bonneville WA Ladder Slots","5/21/2018 8:16:04 AM","1"
"3D9.1C2DDAF79D","BO3 - Bonneville WA Shore Ladder/AFF","5/21/2018 7:08:26 AM","1"
"3DD.007780EBA2","BO1 - Bonneville Bradford Is. Ladder","5/20/2018 10:29:00 AM","1"
"3DD.0077809B18","BO4 - Bonneville WA Ladder Slots","5/13/2018 8:26:08 PM","1"
"3DD.0077809B18","BO2 - Bonneville Cascades Is. Ladder","5/13/2018 6:46:51 PM","1"
"3D9.1C2DD8BF03","BO4 - Bonneville WA Ladder Slots","5/8/2018 12:33:33 PM","1"
"3D9.1C2DD8BF03","BO3 - Bonneville WA Shore Ladder/AFF","5/8/2018 10:29:13 AM","1"
"3D9.1C2DDA66C4","BO4 - Bonneville WA Ladder Slots","6/5/2017 8:33:44 AM","1"
"3D9.1C2DDA66C4","BO3 - Bonneville WA Shore Ladder/AFF","6/5/2017 7:31:22 AM","1"
"3D9.1C2DD9D049","BO4 - Bonneville WA Ladder Slots","5/27/2017 3:37:41 PM","1"
"3D9.1C2DD9D049","BO3 - Bonneville WA Shore Ladder/AFF","5/27/2017 2:09:56 PM","1"
"3D9.1C2DD6A31F","BO4 - Bonneville WA Ladder Slots","6/24/2016 1:34:06 PM","1"
"3D9.1C2DD6A31F","BO3 - Bonneville WA Shore Ladder/AFF","6/24/2016 10:25:37 AM","1"
"3D9.1C2DE0F0F5","BO1 - Bonneville Bradford Is. Ladder","6/15/2016 11:55:38 AM","1"
"3D9.1C2DDAD865","BO1 - Bonneville Bradford Is. Ladder","6/1/2016 12:10:32 PM","1"
"3D9.1C2D779738","BO4 - Bonneville WA Ladder Slots","6/1/2016 11:59:36 AM","1"
"3D9.1C2D779738","BO2 - Bonneville Cascades Is. Ladder","6/1/2016 6:39:47 AM","1"
"3D9.1C2D779738","BO1 - Bonneville Bradford Is. Ladder","5/30/2016 9:54:14 AM","1"
"3D9.1C2D94A1A9","BO4 - Bonneville WA Ladder Slots","5/29/2016 9:13:45 AM","1"
"3D9.1C2D94A1A9","BO3 - Bonneville WA Shore Ladder/AFF","5/29/2016 6:06:22 AM","1"
"3D9.1C2D7797C9","BO4 - Bonneville WA Ladder Slots","5/26/2016 12:29:11 PM","1"
"3D9.1C2D7797C9","BO3 - Bonneville WA Shore Ladder/AFF","5/26/2016 8:12:36 AM","1"
"3D9.1C2DD9DD88","BO4 - Bonneville WA Ladder Slots","5/25/2016 3:21:47 PM","1"
"3D9.1C2DD9DD88","BO3 - Bonneville WA Shore Ladder/AFF","5/25/2016 2:11:23 PM","1"
"3D9.1C2D9EA9C1","BO4 - Bonneville WA Ladder Slots","5/18/2016 3:28:17 PM","1"
"3D9.1C2D7744F1","BO4 - Bonneville WA Ladder Slots","5/18/2016 2:55:39 PM","1"
"3D9.1C2D9EA9C1","BO3 - Bonneville WA Shore Ladder/AFF","5/18/2016 2:26:37 PM","1"
"3D9.1C2D7744F1","BO3 - Bonneville WA Shore Ladder/AFF","5/18/2016 1:58:25 PM","1"
"3D9.1C2DE7009C","BO4 - Bonneville WA Ladder Slots","5/15/2016 5:33:24 PM","1"
"3D9.1C2DE7009C","BO3 - Bonneville WA Shore Ladder/AFF","5/15/2016 4:15:40 PM","1"
"3D9.1C2D95D3D6","BO4 - Bonneville WA Ladder Slots","5/15/2016 3:34:21 PM","1"
"3D9.1C2D95D3D6","BO3 - Bonneville WA Shore Ladder/AFF","5/15/2016 2:32:56 PM","1"
"3D9.1C2D9EBEFC","BO4 - Bonneville WA Ladder Slots","5/10/2016 5:34:06 PM","1"
"3D9.1C2D9EBEFC","BO3 - Bonneville WA Shore Ladder/AFF","5/10/2016 4:19:21 PM","1"
"3D9.1C2D9C82D3","BO4 - Bonneville WA Ladder Slots","5/7/2016 4:35:57 AM","1"
"3D9.1C2D9C82D3","BO2 - Bonneville Cascades Is. Ladder","5/7/2016 2:37:55 AM","1"
"3D9.1C2DD5B4A7","BO4 - Bonneville WA Ladder Slots","5/5/2016 5:01:18 AM","1"
"3D9.1C2DD5B4A7","BO3 - Bonneville WA Shore Ladder/AFF","5/4/2016 7:08:52 PM","1"
"3D9.1C2D7782DA","BO4 - Bonneville WA Ladder Slots","5/3/2016 3:41:55 AM","1"
"3D9.1C2D7782DA","BO2 - Bonneville Cascades Is. Ladder","5/3/2016 1:41:53 AM","1"
"3D9.1C2DDA8BBC","BO1 - Bonneville Bradford Is. Ladder","5/1/2016 6:18:32 AM","1"
"3D9.1C2D982859","BO4 - Bonneville WA Ladder Slots","4/30/2016 2:35:37 PM","1"
"3D9.1C2D982859","BO2 - Bonneville Cascades Is. Ladder","4/30/2016 1:37:21 PM","1"
"3D9.1C2D77824F","BO4 - Bonneville WA Ladder Slots","4/29/2016 5:06:11 AM","1"
"3D9.1C2D77824F","BO3 - Bonneville WA Shore Ladder/AFF","4/28/2016 6:37:55 PM","1"
"3D9.1C2D773E24","BO4 - Bonneville WA Ladder Slots","6/18/2015 6:44:48 AM","1"
"3D9.1C2D773E24","BO3 - Bonneville WA Shore Ladder/AFF","6/18/2015 5:16:06 AM","1"
"3D9.1C2D9EB026","BO4 - Bonneville WA Ladder Slots","6/16/2015 9:36:10 AM","1"
"3D9.1C2D9EB026","BO2 - Bonneville Cascades Is. Ladder","6/16/2015 8:13:29 AM","1"
"3D9.1C2DDAD185","BO4 - Bonneville WA Ladder Slots","6/15/2015 7:12:13 AM","1"
"3D9.1C2E02DEFA","BO4 - Bonneville WA Ladder Slots","6/13/2015 3:27:48 PM","1"
"3D9.1C2E02DEFA","BO2 - Bonneville Cascades Is. Ladder","6/13/2015 1:22:57 PM","1"
"3D9.1C2D9EF237","BO1 - Bonneville Bradford Is. Ladder","6/13/2015 6:47:04 AM","1"
"3D9.1C2D980941","BO4 - Bonneville WA Ladder Slots","6/9/2015 7:00:55 PM","1"
"3D9.1C2D980941","BO3 - Bonneville WA Shore Ladder/AFF","6/9/2015 5:56:57 PM","1"
"3D9.1C2DE8BB10","BO1 - Bonneville Bradford Is. Ladder","6/9/2015 11:47:23 AM","1"
"3D9.1C2DE70A00","BO1 - Bonneville Bradford Is. Ladder","6/7/2015 4:03:35 PM","1"
"3D9.1C2DE91734","BO4 - Bonneville WA Ladder Slots","6/7/2015 5:07:11 AM","1"
"3D9.1C2DE91734","BO3 - Bonneville WA Shore Ladder/AFF","6/6/2015 8:35:16 PM","1"
"3D9.1C2D9CB4F4","BO4 - Bonneville WA Ladder Slots","6/4/2015 2:16:13 PM","1"
"3D9.1C2D9CB4F4","BO3 - Bonneville WA Shore Ladder/AFF","6/4/2015 10:24:37 AM","1"
"3D9.1C2D9CCBD6","BO1 - Bonneville Bradford Is. Ladder","6/2/2015 8:21:55 AM","1"
"3D9.1C2DB4CF9F","BO4 - Bonneville WA Ladder Slots","6/1/2015 4:02:08 PM","1"
"3D9.1C2D777FBD","BO4 - Bonneville WA Ladder Slots","6/1/2015 3:26:22 PM","1"
"3D9.1C2D9C7162","BO4 - Bonneville WA Ladder Slots","6/1/2015 2:16:06 PM","1"
"3D9.1C2D777FBD","BO3 - Bonneville WA Shore Ladder/AFF","6/1/2015 1:45:40 PM","1"
"3D9.1C2DB4CF9F","BO2 - Bonneville Cascades Is. Ladder","6/1/2015 1:44:06 PM","1"
"3D9.1C2D9C7162","BO3 - Bonneville WA Shore Ladder/AFF","6/1/2015 1:05:57 PM","1"
"3D9.1C2D9C9FCF","BO4 - Bonneville WA Ladder Slots","5/31/2015 12:11:22 PM","1"
"3D9.1C2D9C9FCF","BO3 - Bonneville WA Shore Ladder/AFF","5/31/2015 11:05:12 AM","1"
"3D9.1C2D9F1C7A","BO4 - Bonneville WA Ladder Slots","5/31/2015 10:06:39 AM","1"
"3D9.1C2D9F1C7A","BO3 - Bonneville WA Shore Ladder/AFF","5/31/2015 8:31:56 AM","1"
"3D9.1C2D9EA181","BO1 - Bonneville Bradford Is. Ladder","5/30/2015 6:07:54 PM","1"
"3D9.1C2DE7DBFA","BO1 - Bonneville Bradford Is. Ladder","5/30/2015 4:31:47 PM","1"
"3D9.1C2D779ACF","BO4 - Bonneville WA Ladder Slots","5/30/2015 9:05:08 AM","1"
"3D9.1C2D779ACF","BO3 - Bonneville WA Shore Ladder/AFF","5/30/2015 8:00:49 AM","1"
"3D9.1C2D9E9956","BO4 - Bonneville WA Ladder Slots","5/24/2015 3:19:35 PM","1"
"3D9.1C2D9E9956","BO3 - Bonneville WA Shore Ladder/AFF","5/24/2015 1:44:21 PM","1"
"3D9.1C2D77B30E","BO1 - Bonneville Bradford Is. Ladder","5/22/2015 2:49:01 PM","1"
"3D9.1C2DDA3315","BO1 - Bonneville Bradford Is. Ladder","5/19/2015 3:27:30 PM","1"
"3D9.1C2D9EAB2A","BO1 - Bonneville Bradford Is. Ladder","5/19/2015 8:45:34 AM","1"
"3D9.1C2D774E87","BO4 - Bonneville WA Ladder Slots","5/16/2015 2:06:52 PM","1"
"3D9.1C2D774E87","BO3 - Bonneville WA Shore Ladder/AFF","5/16/2015 12:28:09 PM","1"
"3D9.1C2D77486C","BO4 - Bonneville WA Ladder Slots","5/14/2015 6:58:00 PM","1"
"3D9.1C2D77486C","BO3 - Bonneville WA Shore Ladder/AFF","5/14/2015 5:01:59 PM","1"
"3D9.1C2D9C62CA","BO1 - Bonneville Bradford Is. Ladder","5/11/2015 3:32:41 PM","1"
"3D9.1C2DDA1341","BO1 - Bonneville Bradford Is. Ladder","5/8/2015 2:21:36 AM","1"
"3D9.1C67C4F83D","BO1 - Bonneville Bradford Is. Ladder","4/30/2015 10:28:24 AM","1"
"3D9.1C2D9B7438","BO4 - Bonneville WA Ladder Slots","4/28/2015 6:53:06 PM","1"
"3D9.1C2D9B7438","BO3 - Bonneville WA Shore Ladder/AFF","4/28/2015 4:47:04 PM","1"
"3D9.239F86FCAC","BO4 - Bonneville WA Ladder Slots","6/23/2014 6:26:51 PM","1"
"3D9.239F86FCAC","BO3 - Bonneville WA Shore Ladder/AFF","6/23/2014 5:10:49 PM","1"
"3D9.1C67C46323","BO4 - Bonneville WA Ladder Slots","6/20/2014 4:43:58 AM","1"
"3D9.1C67C46323","BO3 - Bonneville WA Shore Ladder/AFF","6/19/2014 6:55:41 PM","1"
"3D9.1C2DB31B00","BO4 - Bonneville WA Ladder Slots","6/18/2014 12:06:03 PM","1"
"3D9.1C2DB31B00","BO2 - Bonneville Cascades Is. Ladder","6/18/2014 10:22:41 AM","1"
"3D9.1C2D9BFEDA","BO1 - Bonneville Bradford Is. Ladder","6/15/2014 6:32:20 AM","1"
"3D9.1C2D9BFEDA","BO3 - Bonneville WA Shore Ladder/AFF","6/14/2014 10:08:05 AM","1"
"3D9.1C67C557B3","BO4 - Bonneville WA Ladder Slots","6/9/2014 10:34:55 AM","1"
"3D9.1C67C557B3","BO3 - Bonneville WA Shore Ladder/AFF","6/9/2014 8:09:45 AM","1"
"3D9.1C67C4EFBF","BO4 - Bonneville WA Ladder Slots","5/29/2014 12:03:50 PM","1"
"3D9.1C2D9F11CA","BO1 - Bonneville Bradford Is. Ladder","5/29/2014 11:18:40 AM","1"
"3D9.1C67C4EFBF","BO2 - Bonneville Cascades Is. Ladder","5/29/2014 9:15:24 AM","1"
"3D9.1C67C475CA","BO1 - Bonneville Bradford Is. Ladder","5/28/2014 2:00:01 PM","1"
"3D9.1C2DA5D521","BO4 - Bonneville WA Ladder Slots","5/26/2014 11:51:00 AM","1"
"3D9.1C2DA5D521","BO3 - Bonneville WA Shore Ladder/AFF","5/26/2014 10:25:03 AM","1"
"3D9.1C67C4F5D7","BO4 - Bonneville WA Ladder Slots","5/25/2014 5:49:12 PM","1"
"3D9.1C67C4F5D7","BO2 - Bonneville Cascades Is. Ladder","5/25/2014 1:16:25 PM","1"
"3D9.1C67C46EAA","BO4 - Bonneville WA Ladder Slots","5/23/2014 4:00:19 PM","1"
"3D9.1C67C4E79E","BO1 - Bonneville Bradford Is. Ladder","5/23/2014 2:33:50 PM","1"
"3D9.1C67C46EAA","BO3 - Bonneville WA Shore Ladder/AFF","5/23/2014 2:27:21 PM","1"
"3D9.1C2DB4EBEE","BO4 - Bonneville WA Ladder Slots","5/22/2014 6:43:18 PM","1"
"3D9.1C2DB4EBEE","BO3 - Bonneville WA Shore Ladder/AFF","5/22/2014 4:53:19 PM","1"
"3D9.1C67C4F34D","BO4 - Bonneville WA Ladder Slots","5/22/2014 11:24:22 AM","1"
"3D9.1C67C4F34D","BO3 - Bonneville WA Shore Ladder/AFF","5/22/2014 9:27:04 AM","1"
"3D9.1C2CBE3DC9","BO4 - Bonneville WA Ladder Slots","5/17/2014 3:08:07 PM","1"
"3D9.1C2CBE3DC9","BO2 - Bonneville Cascades Is. Ladder","5/16/2014 4:08:26 PM","1"
"3D9.1C2DB5932A","BO1 - Bonneville Bradford Is. Ladder","5/13/2014 4:31:41 PM","1"
"3D9.1C67C478F6","BO4 - Bonneville WA Ladder Slots","5/11/2014 4:31:02 PM","1"
"3D9.1C67C478F6","BO3 - Bonneville WA Shore Ladder/AFF","5/11/2014 3:12:13 PM","1"
"3D9.1C67C472FF","BO1 - Bonneville Bradford Is. Ladder","5/11/2014 1:41:56 PM","1"
"3D9.1C67C4742B","BO4 - Bonneville WA Ladder Slots","5/10/2014 5:38:45 AM","1"
"3D9.1C67C4742B","BO3 - Bonneville WA Shore Ladder/AFF","5/9/2014 9:34:31 PM","1"
"3D9.1C67C4632B","BO4 - Bonneville WA Ladder Slots","5/4/2014 12:08:33 PM","1"
"3D9.1C67C4632B","BO2 - Bonneville Cascades Is. Ladder","5/4/2014 10:43:00 AM","1"
"3D9.1C67C46133","BO4 - Bonneville WA Ladder Slots","5/3/2014 7:27:11 AM","1"
"3D9.1C67C46133","BO2 - Bonneville Cascades Is. Ladder","5/3/2014 5:59:14 AM","1"
"3D9.1C67C4F534","BO4 - Bonneville WA Ladder Slots","5/2/2014 5:46:24 PM","1"
"3D9.1C67C4F534","BO3 - Bonneville WA Shore Ladder/AFF","5/2/2014 4:38:12 PM","1"
"3D9.1C67C52B79","BO4 - Bonneville WA Ladder Slots","5/1/2014 9:51:47 AM","1"
"3D9.1C67C52B79","BO3 - Bonneville WA Shore Ladder/AFF","5/1/2014 8:11:53 AM","1"
"3D9.1C67C4F1FF","BO4 - Bonneville WA Ladder Slots","7/3/2013 11:38:40 AM","1"
"3D9.1C67C4F1FF","BO2 - Bonneville Cascades Is. Ladder","7/3/2013 9:28:40 AM","1"
"3D9.1C67C4F4B6","BO4 - Bonneville WA Ladder Slots","6/25/2013 5:58:24 AM","1"
"3D9.1C67C4F4B6","BO3 - Bonneville WA Shore Ladder/AFF","6/24/2013 7:49:19 PM","1"
"3D9.1C2D857D7F","BO4 - Bonneville WA Ladder Slots","6/22/2013 6:09:28 AM","1"
"3D9.1C2D857D7F","BO3 - Bonneville WA Shore Ladder/AFF","6/22/2013 4:15:39 AM","1"
"3D9.239F86F6A1","BO1 - Bonneville Bradford Is. Ladder","6/21/2013 7:12:12 PM","1"
"3D9.1C67C47930","BO1 - Bonneville Bradford Is. Ladder","6/20/2013 6:25:36 PM","1"
"3D9.239F86F6EF","BO4 - Bonneville WA Ladder Slots","6/19/2013 1:47:51 PM","1"
"3D9.1C67C509B1","BO1 - Bonneville Bradford Is. Ladder","6/19/2013 1:28:09 PM","1"
"3D9.239F86F6EF","BO3 - Bonneville WA Shore Ladder/AFF","6/19/2013 8:55:20 AM","1"
"3D9.1C2DB53083","BO4 - Bonneville WA Ladder Slots","6/19/2013 8:01:41 AM","1"
"3D9.1C2DB53083","BO3 - Bonneville WA Shore Ladder/AFF","6/19/2013 7:04:23 AM","1"
"3D9.1C67C480EA","BO4 - Bonneville WA Ladder Slots","6/18/2013 1:06:49 PM","1"
"3D9.1C67C480EA","BO3 - Bonneville WA Shore Ladder/AFF","6/18/2013 12:34:18 PM","1"
"3D9.1C2D091DB3","BO4 - Bonneville WA Ladder Slots","6/18/2013 7:57:54 AM","1"
"3D9.1C2D091DB3","BO2 - Bonneville Cascades Is. Ladder","6/18/2013 5:46:06 AM","1"
"3D9.239F868A7C","BO4 - Bonneville WA Ladder Slots","6/17/2013 9:42:05 AM","1"
"3D9.239F868A7C","BO3 - Bonneville WA Shore Ladder/AFF","6/17/2013 8:44:07 AM","1"
"3D9.1C2D0C1418","BO4 - Bonneville WA Ladder Slots","6/15/2013 4:22:13 PM","1"
"3D9.1C2D0C1418","BO3 - Bonneville WA Shore Ladder/AFF","6/15/2013 3:14:53 PM","1"
"3D9.1C67C4C9CF","BO1 - Bonneville Bradford Is. Ladder","6/15/2013 1:02:14 PM","1"
"3D9.1C67C4EC9F","BO1 - Bonneville Bradford Is. Ladder","6/9/2013 3:41:38 PM","1"
"3D9.1BF26B9AC1","BO1 - Bonneville Bradford Is. Ladder","6/9/2013 2:30:20 PM","1"
"3D9.1BF26B7282","BO4 - Bonneville WA Ladder Slots","6/8/2013 4:44:20 AM","1"
"3D9.1BF26B7282","BO2 - Bonneville Cascades Is. Ladder","6/7/2013 5:01:21 PM","1"
"3D9.1C67C46E01","BO4 - Bonneville WA Ladder Slots","6/7/2013 1:13:44 PM","1"
"3D9.1C67C46E01","BO3 - Bonneville WA Shore Ladder/AFF","6/7/2013 11:45:06 AM","1"
"3D9.1C67C45C64","BO4 - Bonneville WA Ladder Slots","6/7/2013 11:39:24 AM","1"
"3D9.1C67C45C64","BO2 - Bonneville Cascades Is. Ladder","6/7/2013 6:32:25 AM","1"
"3D9.1C2DAC20F4","BO4 - Bonneville WA Ladder Slots","6/6/2013 3:48:56 PM","1"
"3D9.1C2DAC20F4","BO3 - Bonneville WA Shore Ladder/AFF","6/6/2013 1:58:32 PM","1"
"3D9.1C2D08A2EA","BO4 - Bonneville WA Ladder Slots","6/4/2013 10:22:11 AM","1"
"3D9.1C2D08A2EA","BO2 - Bonneville Cascades Is. Ladder","6/4/2013 8:25:39 AM","1"
"3D9.1C2CBDABE8","BO4 - Bonneville WA Ladder Slots","5/27/2013 8:18:53 PM","1"
"3D9.1C2CBDABE8","BO3 - Bonneville WA Shore Ladder/AFF","5/27/2013 7:01:08 PM","1"
"3D9.1BF26B5B1D","BO4 - Bonneville WA Ladder Slots","5/27/2013 5:01:42 AM","1"
"3D9.1BF26B5B1D","BO2 - Bonneville Cascades Is. Ladder","5/26/2013 3:20:56 PM","1"
"3D9.1C2D85B653","BO1 - Bonneville Bradford Is. Ladder","5/22/2013 3:41:07 PM","1"
"3D9.1C2D0B7E18","BO1 - Bonneville Bradford Is. Ladder","5/21/2013 6:44:15 PM","1"
"3D9.1BF26B7BAE","BO1 - Bonneville Bradford Is. Ladder","5/21/2013 8:37:40 AM","1"
"3D9.1BF26B6630","BO4 - Bonneville WA Ladder Slots","5/19/2013 5:21:50 AM","1"
"3D9.1BF26B6630","BO2 - Bonneville Cascades Is. Ladder","5/18/2013 2:16:49 PM","1"
"3D9.1BF26B91F6","BO4 - Bonneville WA Ladder Slots","5/17/2013 11:46:45 AM","1"
"3D9.1BF26B91F6","BO3 - Bonneville WA Shore Ladder/AFF","5/17/2013 7:19:31 AM","1"
"3D9.1C67C47200","BO4 - Bonneville WA Ladder Slots","5/15/2013 1:42:07 PM","1"
"3D9.1C67C4FF35","BO4 - Bonneville WA Ladder Slots","5/11/2013 7:07:15 PM","1"
"3D9.1C67C4FF35","BO3 - Bonneville WA Shore Ladder/AFF","5/11/2013 5:13:15 PM","1"
"3D9.1C67C50AE1","BO4 - Bonneville WA Ladder Slots","5/6/2013 2:48:12 PM","1"
"3D9.1C67C50AE1","BO3 - Bonneville WA Shore Ladder/AFF","5/6/2013 1:16:19 PM","1"
"3D9.1BF26B64D5","BO1 - Bonneville Bradford Is. Ladder","5/3/2013 2:04:43 PM","1"
"3D9.1C2D12480B","BO1 - Bonneville Bradford Is. Ladder","4/28/2013 7:13:15 PM","1"
"3D9.1C67C48708","BO4 - Bonneville WA Ladder Slots","4/26/2013 7:11:53 AM","1"
"3D9.1C67C48708","BO2 - Bonneville Cascades Is. Ladder","4/26/2013 5:39:23 AM","1"
"3D9.1BF280458F","BO1 - Bonneville Bradford Is. Ladder","4/25/2013 7:16:09 PM","1"
"3D9.1C2D8557FD","BO1 - Bonneville Bradford Is. Ladder","7/6/2012 10:37:20 AM","1"
"3D9.1BF26B5CA0","BO4 - Bonneville WA Ladder Slots","7/5/2012 3:20:18 PM","1"
"3D9.1BF26B5CA0","BO2 - Bonneville Cascades Is. Ladder","7/5/2012 11:47:44 AM","1"
"3D9.1BF26B8356","BO4 - Bonneville WA Ladder Slots","6/20/2012 6:15:49 PM","1"
"3D9.1BF26B8356","BO3 - Bonneville WA Shore Ladder/AFF","6/20/2012 4:49:02 PM","1"
"3D9.1BF26B5CA0","BO1 - Bonneville Bradford Is. Ladder","6/19/2012 12:55:53 PM","1"
"3D9.1BF26B4038","BO4 - Bonneville WA Ladder Slots","6/17/2012 9:31:54 AM","1"
"3D9.1BF26B4038","BO3 - Bonneville WA Shore Ladder/AFF","6/17/2012 8:10:03 AM","1"
"3D9.1BF26B87BE","BO1 - Bonneville Bradford Is. Ladder","6/16/2012 11:43:24 AM","1"
"3D9.1BF26B6285","BO1 - Bonneville Bradford Is. Ladder","6/14/2012 6:56:51 AM","1"
"3D9.1BF26BCFBD","BO4 - Bonneville WA Ladder Slots","6/11/2012 4:50:10 PM","1"
"3D9.1BF26BCFBD","BO3 - Bonneville WA Shore Ladder/AFF","6/11/2012 2:51:56 PM","1"
"3D9.1BF26B9B16","BO4 - Bonneville WA Ladder Slots","6/6/2012 1:30:12 PM","1"
"3D9.1BF26B9B16","BO3 - Bonneville WA Shore Ladder/AFF","6/6/2012 11:57:42 AM","1"
"3D9.1BF26BA1E8","BO1 - Bonneville Bradford Is. Ladder","6/5/2012 8:01:07 AM","1"
"3D9.1C2D140F2D","BO4 - Bonneville WA Ladder Slots","6/4/2012 4:07:07 PM","1"
"3D9.1C2D140F2D","BO2 - Bonneville Cascades Is. Ladder","6/4/2012 2:24:24 PM","1"
"3D9.1BF26B660C","BO4 - Bonneville WA Ladder Slots","6/3/2012 11:54:15 AM","1"
"3D9.1BF26B660C","BO2 - Bonneville Cascades Is. Ladder","6/3/2012 9:36:25 AM","1"
"3D9.1BF26B7F7E","BO4 - Bonneville WA Ladder Slots","6/2/2012 6:30:04 PM","1"
"3D9.1BF26B7F7E","BO2 - Bonneville Cascades Is. Ladder","6/2/2012 4:29:03 PM","1"
"3D9.1C67C51F04","BO1 - Bonneville Bradford Is. Ladder","5/28/2012 6:00:13 PM","1"
"3D9.1C2D13F023","BO1 - Bonneville Bradford Is. Ladder","5/28/2012 2:13:43 PM","1"
"3D9.1BF26B5841","BO4 - Bonneville WA Ladder Slots","5/27/2012 4:42:59 PM","1"
"3D9.1BF26B5C50","BO4 - Bonneville WA Ladder Slots","5/27/2012 4:28:45 PM","1"
"3D9.1BF26B5841","BO3 - Bonneville WA Shore Ladder/AFF","5/27/2012 3:40:51 PM","1"
"3D9.1BF26B5C50","BO3 - Bonneville WA Shore Ladder/AFF","5/27/2012 2:32:54 PM","1"
"3D9.1BF28047F5","BO4 - Bonneville WA Ladder Slots","5/24/2012 4:45:36 AM","1"
"3D9.1BF28047F5","BO3 - Bonneville WA Shore Ladder/AFF","5/23/2012 7:28:09 PM","1"
"3D9.1BF262C609","BO4 - Bonneville WA Ladder Slots","5/22/2012 6:34:31 PM","1"
"3D9.1BF262C609","BO2 - Bonneville Cascades Is. Ladder","5/22/2012 4:21:25 PM","1"
"3D9.1BF26BE260","BO4 - Bonneville WA Ladder Slots","5/22/2012 2:25:16 PM","1"
"3D9.1BF26BE260","BO3 - Bonneville WA Shore Ladder/AFF","5/22/2012 12:37:46 PM","1"
"3D9.1BF26B8B16","BO4 - Bonneville WA Ladder Slots","5/19/2012 5:30:44 AM","1"
"3D9.1BF26B8B16","BO3 - Bonneville WA Shore Ladder/AFF","5/18/2012 7:20:11 PM","1"
"3D9.1C2CF5AEA0","BO1 - Bonneville Bradford Is. Ladder","5/18/2012 1:55:17 PM","1"
"3D9.1BF26B67DB","BO4 - Bonneville WA Ladder Slots","5/17/2012 8:34:39 AM","1"
"3D9.1BF25D91DB","BO1 - Bonneville Bradford Is. Ladder","5/16/2012 6:08:49 PM","1"
"3D9.1BF26B67DB","BO2 - Bonneville Cascades Is. Ladder","5/16/2012 5:30:24 PM","1"
"3D9.1BF26B3EC3","BO1 - Bonneville Bradford Is. Ladder","5/16/2012 2:09:40 PM","1"
"3D9.1BF27FFACA","BO4 - Bonneville WA Ladder Slots","5/15/2012 5:19:31 PM","1"
"3D9.1BF27FFACA","BO3 - Bonneville WA Shore Ladder/AFF","5/15/2012 3:15:10 PM","1"
"3D9.1BF262D7EE","BO4 - Bonneville WA Ladder Slots","5/15/2012 2:23:13 PM","1"
"3D9.1BF262D7EE","BO2 - Bonneville Cascades Is. Ladder","5/15/2012 1:00:51 PM","1"
"3D9.1BF26B940B","BO4 - Bonneville WA Ladder Slots","5/14/2012 2:17:15 PM","1"
"3D9.1BF26B940B","BO2 - Bonneville Cascades Is. Ladder","5/14/2012 11:29:58 AM","1"
"3D9.1BF26B4E36","BO4 - Bonneville WA Ladder Slots","5/14/2012 9:31:20 AM","1"
"3D9.1BF26B4E36","BO2 - Bonneville Cascades Is. Ladder","5/14/2012 7:26:55 AM","1"
"3D9.1C2CE3A6A9","BO1 - Bonneville Bradford Is. Ladder","5/13/2012 5:32:51 AM","1"
"3D9.1BF25D6CC4","BO4 - Bonneville WA Ladder Slots","5/12/2012 4:20:35 AM","1"
"3D9.1BF25D6CC4","BO2 - Bonneville Cascades Is. Ladder","5/11/2012 4:21:33 PM","1"
"3D9.1BF25D9EBD","BO1 - Bonneville Bradford Is. Ladder","5/10/2012 7:54:29 PM","1"
"3D9.1BF26B7C39","BO4 - Bonneville WA Ladder Slots","5/10/2012 1:47:42 PM","1"
"3D9.1BF26B7C39","BO3 - Bonneville WA Shore Ladder/AFF","5/10/2012 12:11:59 PM","1"
"3D9.1BF26B8C06","BO4 - Bonneville WA Ladder Slots","5/9/2012 12:07:56 PM","1"
"3D9.1BF26B8C06","BO3 - Bonneville WA Shore Ladder/AFF","5/9/2012 9:39:38 AM","1"
"3D9.1BF26B6EB4","BO1 - Bonneville Bradford Is. Ladder","5/8/2012 9:26:57 AM","1"
"3D9.1BF25DB637","BO4 - Bonneville WA Ladder Slots","5/7/2012 12:55:12 PM","1"
"3D9.1BF25DB637","BO3 - Bonneville WA Shore Ladder/AFF","5/7/2012 11:25:27 AM","1"
"3D9.1BF26BA590","BO1 - Bonneville Bradford Is. Ladder","7/12/2011 3:42:08 PM","1"
"3D9.1BF26B484B","BO1 - Bonneville Bradford Is. Ladder","7/10/2011 12:25:22 PM","1"
"3D9.1BF26BE431","BO1 - Bonneville Bradford Is. Ladder","7/6/2011 11:28:35 AM","1"
"3D9.1BF26B8A1C","BO1 - Bonneville Bradford Is. Ladder","7/2/2011 6:07:33 PM","1"
"3D9.1C2D0415DD","BO4 - Bonneville WA Ladder Slots","7/1/2011 4:39:58 AM","1"
"3D9.1C2D0415DD","BO2 - Bonneville Cascades Is. Ladder","6/30/2011 7:02:37 PM","1"
"3D9.1BF26B58A7","BO1 - Bonneville Bradford Is. Ladder","6/30/2011 5:52:08 PM","1"
"3D9.1BF26BE019","BO1 - Bonneville Bradford Is. Ladder","6/30/2011 2:16:09 PM","1"
"3D9.1BF26B56DD","BO4 - Bonneville WA Ladder Slots","6/28/2011 1:53:59 PM","1"
"3D9.1C2CFF4E47","BO1 - Bonneville Bradford Is. Ladder","6/28/2011 12:16:11 PM","1"
"3D9.1BF26B56DD","BO3 - Bonneville WA Shore Ladder/AFF","6/28/2011 11:39:14 AM","1"
"3D9.1BF26B9EA2","BO4 - Bonneville WA Ladder Slots","6/28/2011 6:29:17 AM","1"
"3D9.1BF26B8ABF","BO4 - Bonneville WA Ladder Slots","6/27/2011 6:36:08 PM","1"
"3D9.1BF26B8ABF","BO3 - Bonneville WA Shore Ladder/AFF","6/27/2011 4:48:27 PM","1"
"3D9.1BF26B9EA2","BO2 - Bonneville Cascades Is. Ladder","6/27/2011 10:21:43 AM","1"
"3D9.1BF26B9EA2","BO3 - Bonneville WA Shore Ladder/AFF","6/27/2011 5:47:33 AM","1"
"3D9.1BF26BE539","BO4 - Bonneville WA Ladder Slots","6/24/2011 9:12:44 AM","1"
"3D9.1BF26BE539","BO3 - Bonneville WA Shore Ladder/AFF","6/24/2011 8:09:42 AM","1"
"3D9.1BF1A8C82F","BO4 - Bonneville WA Ladder Slots","6/24/2011 7:46:21 AM","1"
"3D9.1BF1A8C82F","BO3 - Bonneville WA Shore Ladder/AFF","6/24/2011 6:12:13 AM","1"
"3D9.1BF26B9F18","BO4 - Bonneville WA Ladder Slots","6/23/2011 5:03:32 PM","1"
"3D9.1BF262E029","BO4 - Bonneville WA Ladder Slots","6/23/2011 3:43:02 PM","1"
"3D9.1BF262E029","BO3 - Bonneville WA Shore Ladder/AFF","6/23/2011 2:26:25 PM","1"
"3D9.1BF26B757C","BO4 - Bonneville WA Ladder Slots","6/23/2011 12:47:43 PM","1"
"3D9.1BF26BE539","BO1 - Bonneville Bradford Is. Ladder","6/23/2011 11:48:03 AM","1"
"3D9.1BF26B757C","BO3 - Bonneville WA Shore Ladder/AFF","6/23/2011 11:19:17 AM","1"
"3D9.1BF26B6DBC","BO4 - Bonneville WA Ladder Slots","6/22/2011 7:11:15 PM","1"
"3D9.1BF26B6DBC","BO3 - Bonneville WA Shore Ladder/AFF","6/22/2011 10:11:45 AM","1"
"3D9.1BF280C933","BO4 - Bonneville WA Ladder Slots","6/21/2011 2:50:09 PM","1"
"3D9.1BF280C933","BO3 - Bonneville WA Shore Ladder/AFF","6/21/2011 1:32:31 PM","1"
"3D9.1BF2810BE0","BO1 - Bonneville Bradford Is. Ladder","6/21/2011 9:20:03 AM","1"
"3D9.1BF26BE375","BO1 - Bonneville Bradford Is. Ladder","6/21/2011 8:37:40 AM","1"
"3D9.1BF27F6B69","BO4 - Bonneville WA Ladder Slots","6/21/2011 7:49:55 AM","1"
"3D9.1BF27F6B69","BO2 - Bonneville Cascades Is. Ladder","6/21/2011 5:31:36 AM","1"
"3D9.1BF2801045","BO4 - Bonneville WA Ladder Slots","6/18/2011 4:16:42 AM","1"
"3D9.1BF2801045","BO2 - Bonneville Cascades Is. Ladder","6/17/2011 6:52:52 PM","1"
"3D9.1C67C51786","BO4 - Bonneville WA Ladder Slots","6/16/2011 9:35:43 AM","1"
"3D9.1BF27FE0DC","BO4 - Bonneville WA Ladder Slots","6/16/2011 8:30:50 AM","1"
"3D9.1BF27FE0DC","BO3 - Bonneville WA Shore Ladder/AFF","6/16/2011 7:16:36 AM","1"
"3D9.1C2CDD8A5C","BO4 - Bonneville WA Ladder Slots","6/15/2011 1:40:50 PM","1"
"3D9.1C2CDD8A5C","BO3 - Bonneville WA Shore Ladder/AFF","6/15/2011 12:19:55 PM","1"
"3D9.1BF1794743","BO1 - Bonneville Bradford Is. Ladder","6/15/2011 12:16:08 PM","1"
"3D9.1BF26BA45F","BO1 - Bonneville Bradford Is. Ladder","6/15/2011 10:56:51 AM","1"
"3D9.1BF1C6E3C8","BO4 - Bonneville WA Ladder Slots","6/14/2011 11:08:39 AM","1"
"3D9.1BF1794743","BO2 - Bonneville Cascades Is. Ladder","6/14/2011 9:34:19 AM","1"
"3D9.1BF1C6E3C8","BO2 - Bonneville Cascades Is. Ladder","6/14/2011 9:29:12 AM","1"
"3D9.1BF262FC53","BO4 - Bonneville WA Ladder Slots","6/12/2011 4:35:58 PM","1"
"3D9.1BF262FC53","BO3 - Bonneville WA Shore Ladder/AFF","6/12/2011 3:28:36 PM","1"
"3D9.1C2CD9EBE0","BO1 - Bonneville Bradford Is. Ladder","6/12/2011 10:21:25 AM","1"
"3D9.1BF178CB6A","BO4 - Bonneville WA Ladder Slots","6/11/2011 8:58:23 AM","1"
"3D9.1BF1C5AB1E","BO4 - Bonneville WA Ladder Slots","6/11/2011 8:28:04 AM","1"
"3D9.1BF27F6BE6","BO4 - Bonneville WA Ladder Slots","6/11/2011 7:56:42 AM","1"
"3D9.1BF178CB6A","BO2 - Bonneville Cascades Is. Ladder","6/11/2011 6:24:54 AM","1"
"3D9.1BF26B6970","BO4 - Bonneville WA Ladder Slots","6/10/2011 4:34:48 PM","1"
"3D9.1C2CAB8604","BO1 - Bonneville Bradford Is. Ladder","6/10/2011 3:38:48 PM","1"
"3D9.1BF26B6970","BO2 - Bonneville Cascades Is. Ladder","6/10/2011 3:28:04 PM","1"
"3D9.1BF27FE5DD","BO4 - Bonneville WA Ladder Slots","6/10/2011 12:34:53 PM","1"
"3D9.1BF27F6BE6","BO3 - Bonneville WA Shore Ladder/AFF","6/10/2011 11:39:37 AM","1"
"3D9.1BF26B6970","BO1 - Bonneville Bradford Is. Ladder","6/10/2011 11:01:40 AM","1"
"3D9.1BF27FE5DD","BO2 - Bonneville Cascades Is. Ladder","6/10/2011 8:26:52 AM","1"
"3D9.1BF1C5AB1E","BO3 - Bonneville WA Shore Ladder/AFF","6/10/2011 8:19:53 AM","1"
"3D9.1BF1C508BF","BO1 - Bonneville Bradford Is. Ladder","6/9/2011 5:49:51 PM","1"
"3D9.1BF262F35B","BO2 - Bonneville Cascades Is. Ladder","6/9/2011 4:57:25 PM","1"
"3D9.1BF27FC5A9","BO4 - Bonneville WA Ladder Slots","6/9/2011 2:43:37 PM","1"
"3D9.1BF27FC5A9","BO2 - Bonneville Cascades Is. Ladder","6/9/2011 1:12:44 PM","1"
"3D9.1BF27FAF05","BO4 - Bonneville WA Ladder Slots","6/8/2011 6:46:21 PM","1"
"3D9.1BF27FAF05","BO2 - Bonneville Cascades Is. Ladder","6/8/2011 3:03:29 PM","1"
"3D9.1BF262E032","BO1 - Bonneville Bradford Is. Ladder","6/7/2011 11:55:48 AM","1"
"3D9.1BF27F90F2","BO1 - Bonneville Bradford Is. Ladder","6/7/2011 11:02:53 AM","1"
"3D9.1BF2804AD0","BO1 - Bonneville Bradford Is. Ladder","6/6/2011 4:29:33 PM","1"
"3D9.1BF26B6227","BO3 - Bonneville WA Shore Ladder/AFF","6/6/2011 9:55:35 AM","1"
"3D9.1BF26B6227","BO1 - Bonneville Bradford Is. Ladder","6/5/2011 7:59:23 PM","1"
"3D9.1BF262DE5E","BO4 - Bonneville WA Ladder Slots","6/5/2011 5:19:11 PM","1"
"3D9.1BF1C6CA46","BO4 - Bonneville WA Ladder Slots","6/5/2011 5:14:42 PM","1"
"3D9.1BF1C6CA46","BO2 - Bonneville Cascades Is. Ladder","6/5/2011 4:03:39 PM","1"
"3D9.1BF262DE5E","BO3 - Bonneville WA Shore Ladder/AFF","6/5/2011 3:38:04 PM","1"
"3D9.1BF26B8B8D","BO4 - Bonneville WA Ladder Slots","6/4/2011 7:01:18 PM","1"
"3D9.1BF26B8B8D","BO3 - Bonneville WA Shore Ladder/AFF","6/4/2011 5:24:53 PM","1"
"3D9.1BF262B493","BO1 - Bonneville Bradford Is. Ladder","6/4/2011 9:41:13 AM","1"
"3D9.1BF1C6CEEF","BO4 - Bonneville WA Ladder Slots","6/3/2011 1:25:35 PM","1"
"3D9.1BF1C6CEEF","BO3 - Bonneville WA Shore Ladder/AFF","6/3/2011 11:09:00 AM","1"
"3D9.1BF2801DC4","BO1 - Bonneville Bradford Is. Ladder","6/2/2011 6:27:55 AM","1"
"3D9.1BF26B9B2D","BO4 - Bonneville WA Ladder Slots","5/31/2011 1:03:13 PM","1"
"3D9.1BF26B9B2D","BO3 - Bonneville WA Shore Ladder/AFF","5/31/2011 11:34:27 AM","1"
"3D9.1BF25DC1F9","BO4 - Bonneville WA Ladder Slots","5/31/2011 4:38:48 AM","1"
"3D9.1BF25DC1F9","BO3 - Bonneville WA Shore Ladder/AFF","5/30/2011 7:36:10 PM","1"
"3D9.1BF2801DC4","BO4 - Bonneville WA Ladder Slots","5/30/2011 7:08:40 PM","1"
"3D9.1BF2801DC4","BO2 - Bonneville Cascades Is. Ladder","5/30/2011 5:08:54 PM","1"
"3D9.1BF280B9A9","BO1 - Bonneville Bradford Is. Ladder","5/30/2011 4:32:49 PM","1"
"3D9.1BF26B9B2D","BO1 - Bonneville Bradford Is. Ladder","5/29/2011 11:39:34 AM","1"
"3D9.1BF26B4DC7","BO1 - Bonneville Bradford Is. Ladder","5/27/2011 1:33:02 PM","1"
"3D9.1BF25D9DE5","BO1 - Bonneville Bradford Is. Ladder","5/18/2011 6:18:43 PM","1"
"3D9.1BF2631A3E","BO4 - Bonneville WA Ladder Slots","5/17/2011 8:58:33 AM","1"
"3D9.1BF2631A3E","BO3 - Bonneville WA Shore Ladder/AFF","5/17/2011 6:37:47 AM","1"
"3D9.1BF280E3C5","BO1 - Bonneville Bradford Is. Ladder","5/15/2011 11:24:50 AM","1"
"3D9.1BF1A8AE8C","BO1 - Bonneville Bradford Is. Ladder","5/14/2011 6:51:50 PM","1"
"3D9.1BF28031AB","BO1 - Bonneville Bradford Is. Ladder","5/13/2011 9:25:25 AM","1"
"3D9.1BF17919C9","BO4 - Bonneville WA Ladder Slots","5/13/2011 9:10:16 AM","1"
"3D9.1BF17919C9","BO3 - Bonneville WA Shore Ladder/AFF","5/13/2011 8:09:20 AM","1"
"3D9.1BF262C0EC","BO4 - Bonneville WA Ladder Slots","5/12/2011 8:24:31 PM","1"
"3D9.1BF262C0EC","BO2 - Bonneville Cascades Is. Ladder","5/12/2011 7:03:30 PM","1"
"3D9.1BF1A80917","BO4 - Bonneville WA Ladder Slots","5/12/2011 5:22:18 PM","1"
"3D9.1BF1A80917","BO3 - Bonneville WA Shore Ladder/AFF","5/12/2011 3:51:44 PM","1"
"3D9.1BF280B9A9","BO4 - Bonneville WA Ladder Slots","5/12/2011 2:28:42 PM","1"
"3D9.1BF280B9A9","BO3 - Bonneville WA Shore Ladder/AFF","5/12/2011 12:57:51 PM","1"
"3D9.1BF280EF32","BO4 - Bonneville WA Ladder Slots","5/12/2011 9:14:23 AM","1"
"3D9.1BF280EF32","BO3 - Bonneville WA Shore Ladder/AFF","5/12/2011 7:46:05 AM","1"
"3D9.1BF17919C9","BO1 - Bonneville Bradford Is. Ladder","5/11/2011 11:44:10 AM","1"
"3D9.1BF280B58E","BO4 - Bonneville WA Ladder Slots","5/11/2011 5:46:47 AM","1"
"3D9.1BF280B58E","BO2 - Bonneville Cascades Is. Ladder","5/10/2011 11:32:56 PM","1"
"3D9.1BF1C6B432","BO4 - Bonneville WA Ladder Slots","5/10/2011 6:29:53 PM","1"
"3D9.1BF27D5C2B","BO3 - Bonneville WA Shore Ladder/AFF","5/10/2011 12:19:27 PM","1"
"3D9.1BF28095F0","BO4 - Bonneville WA Ladder Slots","5/10/2011 8:10:17 AM","1"
"3D9.1BF28095F0","BO3 - Bonneville WA Shore Ladder/AFF","5/10/2011 5:36:39 AM","1"
"3D9.1BF1C6B432","BO2 - Bonneville Cascades Is. Ladder","5/9/2011 5:47:20 PM","1"
"3D9.1BF27FAAE6","BO1 - Bonneville Bradford Is. Ladder","5/9/2011 11:10:29 AM","1"
"3D9.1BF280B9ED","BO4 - Bonneville WA Ladder Slots","5/9/2011 7:43:24 AM","1"
"3D9.1BF280B9ED","BO3 - Bonneville WA Shore Ladder/AFF","5/9/2011 6:12:04 AM","1"
"3D9.1BF1A8AA95","BO4 - Bonneville WA Ladder Slots","5/8/2011 6:21:01 PM","1"
"3D9.1BF1A8AA95","BO3 - Bonneville WA Shore Ladder/AFF","5/8/2011 5:06:40 PM","1"
"3D9.1BF1A71799","BO4 - Bonneville WA Ladder Slots","5/7/2011 8:12:20 AM","1"
"3D9.1BF1A71799","BO3 - Bonneville WA Shore Ladder/AFF","5/7/2011 6:36:25 AM","1"
"3D9.1BF280BC37","BO4 - Bonneville WA Ladder Slots","5/7/2011 6:02:39 AM","1"
"3D9.1BF280BC37","BO2 - Bonneville Cascades Is. Ladder","5/6/2011 10:40:34 PM","1"
"3D9.1BF262B574","BO4 - Bonneville WA Ladder Slots","5/6/2011 7:20:08 AM","1"
"3D9.1BF262B574","BO2 - Bonneville Cascades Is. Ladder","5/6/2011 5:24:02 AM","1"
"3D9.1BF27D88E1","BO4 - Bonneville WA Ladder Slots","5/5/2011 7:51:21 PM","1"
"3D9.1BF2802478","BO4 - Bonneville WA Ladder Slots","5/5/2011 6:37:48 PM","1"
"3D9.1BF27D88E1","BO3 - Bonneville WA Shore Ladder/AFF","5/5/2011 5:58:26 PM","1"
"3D9.1BF2802478","BO2 - Bonneville Cascades Is. Ladder","5/5/2011 4:55:56 PM","1"
"3D9.1BF280D8BC","BO4 - Bonneville WA Ladder Slots","5/5/2011 3:54:55 PM","1"
"3D9.1BF27FA323","BO4 - Bonneville WA Ladder Slots","5/5/2011 3:18:51 PM","1"
"3D9.1BF280D8BC","BO2 - Bonneville Cascades Is. Ladder","5/5/2011 2:21:20 PM","1"
"3D9.1BF27FA323","BO3 - Bonneville WA Shore Ladder/AFF","5/5/2011 1:39:15 PM","1"
"3D9.1BF27FE1E8","BO4 - Bonneville WA Ladder Slots","5/2/2011 5:40:19 PM","1"
"3D9.1BF27FE1E8","BO3 - Bonneville WA Shore Ladder/AFF","5/2/2011 4:16:02 PM","1"
"3D9.1BF27F84BA","BO4 - Bonneville WA Ladder Slots","5/1/2011 3:52:17 PM","1"
"3D9.1BF27F84BA","BO3 - Bonneville WA Shore Ladder/AFF","5/1/2011 1:53:14 PM","1"
"3D9.1C2C45466A","BO4 - Bonneville WA Ladder Slots","5/1/2011 11:05:44 AM","1"
"3D9.1C2C45466A","BO2 - Bonneville Cascades Is. Ladder","5/1/2011 9:12:54 AM","1"
"3D9.1BF2801D9C","BO4 - Bonneville WA Ladder Slots","4/27/2011 11:48:02 AM","1"
"3D9.1BF2801D9C","BO2 - Bonneville Cascades Is. Ladder","4/27/2011 10:33:25 AM","1"
"3D9.1C2C3EC1B4","BO4 - Bonneville WA Ladder Slots","4/26/2011 4:44:56 PM","1"
"3D9.1C2C3EC1B4","BO3 - Bonneville WA Shore Ladder/AFF","4/26/2011 3:18:47 PM","1"
"3D9.1BF28047AA","BO4 - Bonneville WA Ladder Slots","4/22/2011 2:37:16 PM","1"
"3D9.1BF28047AA","BO2 - Bonneville Cascades Is. Ladder","4/22/2011 9:40:26 AM","1"
"3D9.1BF2810096","BO4 - Bonneville WA Ladder Slots","7/5/2010 8:58:07 AM","1"
"3D9.1BF27FD27D","BO4 - Bonneville WA Ladder Slots","7/2/2010 5:56:26 PM","1"
"3D9.1BF27FD27D","BO2 - Bonneville Cascades Is. Ladder","7/2/2010 3:51:25 PM","1"
"3D9.1BF2630A9A","BO4 - Bonneville WA Ladder Slots","7/1/2010 6:37:47 PM","1"
"3D9.1BF2630A9A","BO3 - Bonneville WA Shore Ladder/AFF","7/1/2010 5:10:24 PM","1"
"3D9.1C2CC06C64","BO4 - Bonneville WA Ladder Slots","6/27/2010 3:10:43 PM","1"
"3D9.1C2CC06C64","BO3 - Bonneville WA Shore Ladder/AFF","6/27/2010 1:09:52 PM","1"
"3D9.1BF262EBDA","BO1 - Bonneville Bradford Is. Ladder","6/27/2010 8:27:08 AM","1"
"3D9.1BF262DFBF","BO4 - Bonneville WA Ladder Slots","6/26/2010 10:57:27 AM","1"
"3D9.1BF262DFBF","BO3 - Bonneville WA Shore Ladder/AFF","6/26/2010 9:44:14 AM","1"
"3D9.1BF179B2BC","BO1 - Bonneville Bradford Is. Ladder","6/24/2010 7:18:57 PM","1"
"3D9.1BF25D91A7","BO4 - Bonneville WA Ladder Slots","6/23/2010 7:49:42 PM","1"
"3D9.1BF25D91A7","BO3 - Bonneville WA Shore Ladder/AFF","6/23/2010 6:21:03 PM","1"
"3D9.1BF1A8B488","BO1 - Bonneville Bradford Is. Ladder","6/16/2010 5:30:36 PM","1"
"3D9.1BF1A7B6D3","BO1 - Bonneville Bradford Is. Ladder","6/11/2010 11:27:21 AM","1"
"3D9.1BF1C6C15D","BO4 - Bonneville WA Ladder Slots","6/10/2010 3:17:12 PM","1"
"3D9.1BF1C6C15D","BO3 - Bonneville WA Shore Ladder/AFF","6/10/2010 11:56:50 AM","1"
"3D9.1BF280A7B9","BO1 - Bonneville Bradford Is. Ladder","6/7/2010 8:52:08 AM","1"
"3D9.1BF1C6C3DE","BO4 - Bonneville WA Ladder Slots","6/5/2010 12:43:02 PM","1"
"3D9.1BF1C6C3DE","BO3 - Bonneville WA Shore Ladder/AFF","6/5/2010 11:01:43 AM","1"
"3D9.1C2C3A23F9","BO1 - Bonneville Bradford Is. Ladder","6/4/2010 6:12:08 PM","1"
"3D9.1BF28049EC","BO1 - Bonneville Bradford Is. Ladder","6/4/2010 10:59:08 AM","1"
"3D9.1BF28088E2","BO4 - Bonneville WA Ladder Slots","6/4/2010 9:05:52 AM","1"
"3D9.1BF28088E2","BO2 - Bonneville Cascades Is. Ladder","6/4/2010 6:11:37 AM","1"
"3D9.1BF280E352","BO1 - Bonneville Bradford Is. Ladder","6/3/2010 8:46:41 AM","1"
"3D9.1BF1A7E34A","BO4 - Bonneville WA Ladder Slots","6/2/2010 2:30:06 PM","1"
"3D9.1BF1CE7C43","BO4 - Bonneville WA Ladder Slots","6/2/2010 2:09:35 PM","1"
"3D9.1BF244B3C7","BO4 - Bonneville WA Ladder Slots","6/2/2010 2:07:51 PM","1"
"3D9.1BF1F9C073","BO4 - Bonneville WA Ladder Slots","6/2/2010 1:47:26 PM","1"
"3D9.1BF1A7E34A","BO3 - Bonneville WA Shore Ladder/AFF","6/2/2010 1:20:45 PM","1"
"3D9.1BF1CE7C43","BO3 - Bonneville WA Shore Ladder/AFF","6/2/2010 12:44:48 PM","1"
"3D9.1BF244B3C7","BO3 - Bonneville WA Shore Ladder/AFF","6/2/2010 12:12:43 PM","1"
"3D9.1BF1F9C073","BO3 - Bonneville WA Shore Ladder/AFF","6/2/2010 12:02:15 PM","1"
"3D9.1BF1C4FB3C","BO4 - Bonneville WA Ladder Slots","6/2/2010 11:13:42 AM","1"
"3D9.1BF1C4FB3C","BO3 - Bonneville WA Shore Ladder/AFF","6/2/2010 8:17:25 AM","1"
"3D9.1BF1A79895","BO4 - Bonneville WA Ladder Slots","6/1/2010 3:45:25 PM","1"
"3D9.1BF27FC65F","BO4 - Bonneville WA Ladder Slots","6/1/2010 2:59:30 PM","1"
"3D9.1BF1A79895","BO3 - Bonneville WA Shore Ladder/AFF","6/1/2010 2:17:25 PM","1"
"3D9.1BF27FC65F","BO3 - Bonneville WA Shore Ladder/AFF","6/1/2010 1:33:55 PM","1"
"3D9.1BF27D76BB","BO1 - Bonneville Bradford Is. Ladder","6/1/2010 1:21:41 PM","1"
"3D9.1BF27FA360","BO4 - Bonneville WA Ladder Slots","5/31/2010 4:19:30 AM","1"
"3D9.1BF280B35D","BO4 - Bonneville WA Ladder Slots","5/30/2010 7:27:52 PM","1"
"3D9.1BF27FA360","BO2 - Bonneville Cascades Is. Ladder","5/30/2010 6:20:18 PM","1"
"3D9.1BF280B35D","BO3 - Bonneville WA Shore Ladder/AFF","5/30/2010 5:48:40 PM","1"
"3D9.1BF27FAF01","BO1 - Bonneville Bradford Is. Ladder","5/29/2010 10:54:43 AM","1"
"3D9.1BF1CC2931","BO4 - Bonneville WA Ladder Slots","5/29/2010 8:25:46 AM","1"
"3D9.1BF1CC2931","BO3 - Bonneville WA Shore Ladder/AFF","5/29/2010 7:28:53 AM","1"
"3D9.1BF280C1DF","BO4 - Bonneville WA Ladder Slots","5/27/2010 6:00:01 PM","1"
"3D9.1BF280C1DF","BO3 - Bonneville WA Shore Ladder/AFF","5/27/2010 4:55:14 PM","1"
"3D9.1BF27FF4BC","BO4 - Bonneville WA Ladder Slots","5/27/2010 4:54:07 PM","1"
"3D9.1BF27FF4BC","BO2 - Bonneville Cascades Is. Ladder","5/27/2010 3:06:45 PM","1"
"3D9.1BF1CC40E7","BO1 - Bonneville Bradford Is. Ladder","5/27/2010 7:55:42 AM","1"
"3D9.1BF26304F6","BO4 - Bonneville WA Ladder Slots","5/26/2010 5:28:21 PM","1"
"3D9.1BF1C5E85E","BO1 - Bonneville Bradford Is. Ladder","5/26/2010 5:08:08 PM","1"
"3D9.1BF26304F6","BO3 - Bonneville WA Shore Ladder/AFF","5/26/2010 4:27:16 PM","1"
"3D9.1BF280331E","BO4 - Bonneville WA Ladder Slots","5/24/2010 7:09:59 PM","1"
"3D9.1C2C45DCA4","BO4 - Bonneville WA Ladder Slots","5/24/2010 6:28:13 PM","1"
"3D9.1BF280331E","BO3 - Bonneville WA Shore Ladder/AFF","5/24/2010 6:01:59 PM","1"
"3D9.1C2C45DCA4","BO3 - Bonneville WA Shore Ladder/AFF","5/24/2010 5:24:09 PM","1"
"3D9.1BF2807F82","BO1 - Bonneville Bradford Is. Ladder","5/24/2010 4:57:31 PM","1"
"3D9.1BF1C4B174","BO4 - Bonneville WA Ladder Slots","5/23/2010 7:02:22 PM","1"
"3D9.1BF1C4B174","BO3 - Bonneville WA Shore Ladder/AFF","5/23/2010 5:41:22 PM","1"
"3D9.1BF1CE9FF6","BO4 - Bonneville WA Ladder Slots","5/22/2010 2:36:47 PM","1"
"3D9.1BF1CE9FF6","BO3 - Bonneville WA Shore Ladder/AFF","5/22/2010 1:21:40 PM","1"
"3D9.1BF25D5462","BO4 - Bonneville WA Ladder Slots","5/18/2010 8:54:42 AM","1"
"3D9.1BF25D5462","BO3 - Bonneville WA Shore Ladder/AFF","5/18/2010 7:16:15 AM","1"
"3D9.1BF1F9089A","BO4 - Bonneville WA Ladder Slots","5/17/2010 6:09:59 PM","1"
"3D9.1BF1F9089A","BO2 - Bonneville Cascades Is. Ladder","5/17/2010 4:43:05 PM","1"
"3D9.1BF1C6BCE1","BO4 - Bonneville WA Ladder Slots","5/17/2010 3:41:08 PM","1"
"3D9.1BF1C6BCE1","BO3 - Bonneville WA Shore Ladder/AFF","5/17/2010 1:36:39 PM","1"
"3D9.1BF280A6BB","BO4 - Bonneville WA Ladder Slots","5/17/2010 6:08:17 AM","1"
"3D9.1BF280A6BB","BO3 - Bonneville WA Shore Ladder/AFF","5/17/2010 4:23:01 AM","1"
"3D9.1BF2802704","BO4 - Bonneville WA Ladder Slots","5/16/2010 6:26:48 PM","1"
"3D9.1BF280C10F","BO1 - Bonneville Bradford Is. Ladder","5/16/2010 5:32:56 PM","1"
"3D9.1BF2802704","BO2 - Bonneville Cascades Is. Ladder","5/16/2010 3:19:25 PM","1"
"3D9.1BF1CEAA55","BO4 - Bonneville WA Ladder Slots","5/16/2010 5:08:40 AM","1"
"3D9.1BF2809B89","BO4 - Bonneville WA Ladder Slots","5/15/2010 7:23:09 PM","1"
"3D9.1BF1CEAA55","BO2 - Bonneville Cascades Is. Ladder","5/15/2010 7:09:21 PM","1"
"3D9.1BF2809B89","BO3 - Bonneville WA Shore Ladder/AFF","5/15/2010 6:09:58 PM","1"
"3D9.1BF27F9391","BO4 - Bonneville WA Ladder Slots","5/15/2010 6:03:46 PM","1"
"3D9.1BF27F9391","BO2 - Bonneville Cascades Is. Ladder","5/15/2010 4:09:38 PM","1"
"3D9.1BF1A8B117","BO4 - Bonneville WA Ladder Slots","5/15/2010 9:37:53 AM","1"
"3D9.1BF1CC43CE","BO4 - Bonneville WA Ladder Slots","5/15/2010 8:37:02 AM","1"
"3D9.1BF1A8B117","BO3 - Bonneville WA Shore Ladder/AFF","5/15/2010 8:10:16 AM","1"
"3D9.1BF1CC43CE","BO2 - Bonneville Cascades Is. Ladder","5/15/2010 7:09:51 AM","1"
"3D9.1BF28091FB","BO1 - Bonneville Bradford Is. Ladder","5/13/2010 4:00:46 PM","1"
"3D9.1BF27FC1BB","BO4 - Bonneville WA Ladder Slots","5/12/2010 6:38:35 AM","1"
"3D9.1BF27FC1BB","BO2 - Bonneville Cascades Is. Ladder","5/12/2010 5:02:42 AM","1"
"3D9.1BF27FFA91","BO1 - Bonneville Bradford Is. Ladder","5/11/2010 3:15:20 PM","1"
"3D9.1BF2810719","BO1 - Bonneville Bradford Is. Ladder","5/11/2010 12:22:28 PM","1"
"3D9.1BF1CC493E","BO1 - Bonneville Bradford Is. Ladder","5/11/2010 6:06:28 AM","1"
"3D9.1BF280A6A2","BO1 - Bonneville Bradford Is. Ladder","5/10/2010 6:42:21 PM","1"
"3D9.1BF2809CD9","BO4 - Bonneville WA Ladder Slots","5/10/2010 5:00:48 PM","1"
"3D9.1BF2809CD9","BO2 - Bonneville Cascades Is. Ladder","5/10/2010 2:55:54 PM","1"
"3D9.1BF1C5FBCD","BO1 - Bonneville Bradford Is. Ladder","5/10/2010 5:51:35 AM","1"
"3D9.1BF27D823D","BO4 - Bonneville WA Ladder Slots","5/9/2010 7:55:59 PM","1"
"3D9.1BF27D823D","BO2 - Bonneville Cascades Is. Ladder","5/9/2010 6:27:00 PM","1"
"3D9.1BF2806EBD","BO4 - Bonneville WA Ladder Slots","5/9/2010 5:40:14 PM","1"
"3D9.1BF2806EBD","BO3 - Bonneville WA Shore Ladder/AFF","5/9/2010 5:09:08 PM","1"
"3D9.1BF1C69379","BO4 - Bonneville WA Ladder Slots","5/9/2010 12:55:33 PM","1"
"3D9.1BF26310E5","BO4 - Bonneville WA Ladder Slots","5/9/2010 12:00:33 PM","1"
"3D9.1BF1C69379","BO2 - Bonneville Cascades Is. Ladder","5/9/2010 11:43:38 AM","1"
"3D9.1BF26310E5","BO3 - Bonneville WA Shore Ladder/AFF","5/9/2010 6:53:23 AM","1"
"3D9.1BF1C6BFE6","BO4 - Bonneville WA Ladder Slots","5/8/2010 6:52:05 PM","1"
"3D9.1BF1C6BFE6","BO2 - Bonneville Cascades Is. Ladder","5/8/2010 5:48:15 PM","1"
"3D9.1BF1A8B99B","BO1 - Bonneville Bradford Is. Ladder","5/8/2010 5:34:34 PM","1"
"3D9.1BF280A3AE","BO4 - Bonneville WA Ladder Slots","5/7/2010 7:34:30 PM","1"
"3D9.1BF280A3AE","BO3 - Bonneville WA Shore Ladder/AFF","5/7/2010 6:12:57 PM","1"
"3D9.1BF2800D00","BO4 - Bonneville WA Ladder Slots","5/7/2010 1:56:50 PM","1"
"3D9.1BF2800D00","BO3 - Bonneville WA Shore Ladder/AFF","5/7/2010 12:54:14 PM","1"
"3D9.1BF1C6DCB9","BO4 - Bonneville WA Ladder Slots","5/5/2010 6:30:46 PM","1"
"3D9.1BF1C6DCB9","BO2 - Bonneville Cascades Is. Ladder","5/5/2010 4:57:57 PM","1"
"3D9.1BF27D51E7","BO4 - Bonneville WA Ladder Slots","5/4/2010 6:47:23 PM","1"
"3D9.1BF27D51E7","BO2 - Bonneville Cascades Is. Ladder","5/4/2010 4:55:21 PM","1"
"3D9.1BF280A220","BO1 - Bonneville Bradford Is. Ladder","5/3/2010 4:42:16 AM","1"
"3D9.1BF25D5AAC","BO4 - Bonneville WA Ladder Slots","5/2/2010 8:44:50 PM","1"
"3D9.1BF25D5AAC","BO3 - Bonneville WA Shore Ladder/AFF","5/2/2010 6:56:17 PM","1"
"3D9.1BF1C4D506","BO4 - Bonneville WA Ladder Slots","5/2/2010 6:08:04 PM","1"
"3D9.1BF1C4D506","BO3 - Bonneville WA Shore Ladder/AFF","5/2/2010 4:14:36 PM","1"
"3D9.1BF1C6D16D","BO4 - Bonneville WA Ladder Slots","5/2/2010 1:13:32 PM","1"
"3D9.1BF1C6D16D","BO3 - Bonneville WA Shore Ladder/AFF","5/2/2010 12:00:08 PM","1"
"3D9.1BF1CE756F","BO4 - Bonneville WA Ladder Slots","5/2/2010 6:35:42 AM","1"
"3D9.1BF1CE756F","BO2 - Bonneville Cascades Is. Ladder","5/2/2010 5:06:04 AM","1"
"3D9.1BF1CC3DA3","BO4 - Bonneville WA Ladder Slots","4/28/2010 9:06:05 PM","1"
"3D9.1BF1CC3DA3","BO3 - Bonneville WA Shore Ladder/AFF","4/28/2010 5:59:04 PM","1"
"3D9.1BF2808E71","BO1 - Bonneville Bradford Is. Ladder","4/28/2010 11:51:41 AM","1"
"3D9.1C2C452CA1","BO4 - Bonneville WA Ladder Slots","4/25/2010 11:50:12 AM","1"
"3D9.1C2C452CA1","BO2 - Bonneville Cascades Is. Ladder","4/25/2010 10:32:38 AM","1"
"3D9.1BF27F8B70","BO4 - Bonneville WA Ladder Slots","4/16/2010 8:56:29 AM","1"
"3D9.1BF27F8B70","BO3 - Bonneville WA Shore Ladder/AFF","4/16/2010 7:47:27 AM","1"
"3D9.1BF1A8BE55","BO4 - Bonneville WA Ladder Slots","7/16/2009 11:30:33 AM","1"
"3D9.1BF1A8BE55","BO2 - Bonneville Cascades Is. Ladder","7/16/2009 9:30:42 AM","1"
"3D9.1BF27FF7CD","BO4 - Bonneville WA Ladder Slots","7/2/2009 7:51:22 PM","1"
"3D9.1BF242C856","BO4 - Bonneville WA Ladder Slots","7/1/2009 4:40:35 PM","1"
"3D9.1BF27F9691","BO4 - Bonneville WA Ladder Slots","7/1/2009 2:19:06 PM","1"
"3D9.1BF2803BD2","BO4 - Bonneville WA Ladder Slots","6/30/2009 3:49:38 PM","1"
"3D9.1BF2803BD2","BO3 - Bonneville WA Shore Ladder/AFF","6/30/2009 2:55:31 PM","1"
"3D9.1BF1CE9FB3","BO4 - Bonneville WA Ladder Slots","6/30/2009 11:34:54 AM","1"
"3D9.1BF27F9691","BO3 - Bonneville WA Shore Ladder/AFF","6/29/2009 4:42:04 PM","1"
"3D9.1BF1A8DA1B","BO4 - Bonneville WA Ladder Slots","6/28/2009 8:11:09 AM","1"
"3D9.1BF280B9EC","BO1 - Bonneville Bradford Is. Ladder","6/27/2009 7:04:16 AM","1"
"3D9.1BF1CE89DC","BO4 - Bonneville WA Ladder Slots","6/26/2009 3:23:40 PM","1"
"3D9.1BF1CE89DC","BO3 - Bonneville WA Shore Ladder/AFF","6/26/2009 1:41:18 PM","1"
"3D9.1BF1C699D6","BO4 - Bonneville WA Ladder Slots","6/25/2009 3:41:32 PM","1"
"3D9.1BF1C6B98C","BO4 - Bonneville WA Ladder Slots","6/23/2009 12:49:39 PM","1"
"3D9.1BF1C6B98C","BO3 - Bonneville WA Shore Ladder/AFF","6/23/2009 11:09:53 AM","1"
"3D9.1BF280AD96","BO4 - Bonneville WA Ladder Slots","6/23/2009 10:18:29 AM","1"
"3D9.1BF280AD96","BO3 - Bonneville WA Shore Ladder/AFF","6/22/2009 6:40:50 PM","1"
"3D9.1BF280A1B9","BO4 - Bonneville WA Ladder Slots","6/14/2009 12:37:58 PM","1"
"3D9.1BF280A1B9","BO3 - Bonneville WA Shore Ladder/AFF","6/14/2009 11:14:43 AM","1"
"3D9.1BF27F7795","BO4 - Bonneville WA Ladder Slots","6/13/2009 10:19:26 AM","1"
"3D9.1BF27F7795","BO3 - Bonneville WA Shore Ladder/AFF","6/13/2009 8:58:10 AM","1"
"3D9.1BF2809D5E","BO4 - Bonneville WA Ladder Slots","6/12/2009 10:37:09 AM","1"
"3D9.1BF2809D5E","BO3 - Bonneville WA Shore Ladder/AFF","6/12/2009 9:18:18 AM","1"
"3D9.1BF1A7BF9D","BO4 - Bonneville WA Ladder Slots","6/9/2009 6:28:32 PM","1"
"3D9.1BF1A7BF9D","BO3 - Bonneville WA Shore Ladder/AFF","6/9/2009 4:54:26 PM","1"
"3D9.1BF1BE2D49","BO1 - Bonneville Bradford Is. Ladder","6/3/2009 12:43:11 PM","1"
"3D9.1BF280A820","BO1 - Bonneville Bradford Is. Ladder","6/3/2009 9:58:36 AM","1"
"3D9.1BF280CAE3","BO1 - Bonneville Bradford Is. Ladder","6/3/2009 8:28:10 AM","1"
"3D9.1BF280F51E","BO1 - Bonneville Bradford Is. Ladder","5/31/2009 6:07:37 AM","1"
"3D9.1BF1C6E9DD","BO4 - Bonneville WA Ladder Slots","5/23/2009 6:23:40 PM","1"
"3D9.1BF28023E8","BO4 - Bonneville WA Ladder Slots","5/21/2009 8:25:36 AM","1"
"3D9.1BF28023E8","BO3 - Bonneville WA Shore Ladder/AFF","5/21/2009 6:53:27 AM","1"
"3D9.1C2C44C48E","BO1 - Bonneville Bradford Is. Ladder","5/17/2009 6:59:20 PM","1"
"3D9.1BF1C6D3A0","BO1 - Bonneville Bradford Is. Ladder","5/16/2009 7:59:16 PM","1"
"3D9.1BF1A1DD04","BO4 - Bonneville WA Ladder Slots","5/15/2009 9:52:16 AM","1"
"3D9.1BF1A1DD04","BO3 - Bonneville WA Shore Ladder/AFF","5/15/2009 8:42:24 AM","1"
"3D9.1BF25D907B","BO1 - Bonneville Bradford Is. Ladder","6/9/2008 7:18:01 PM","1"
"3D9.1BF0DEC28F","BO4 - Bonneville WA Ladder Slots","6/20/2005 2:11:47 PM","1"
"3D9.1BF0DEC28F","BO3 - Bonneville WA Shore Ladder/AFF","6/20/2005 11:02:11 AM","1"
"3D9.1BF0DE9884","BO1 - Bonneville Bradford Is. Ladder","5/3/2005 4:38:45 AM","1"
"3D9.1BF0DE6578","BO1 - Bonneville Bradford Is. Ladder","6/12/2004 5:10:47 AM","1"
"3D9.1BF0DECCB9","BO1 - Bonneville Bradford Is. Ladder","6/5/2004 10:55:04 AM","1"
"3D9.1BF12EFDC3","BO3 - Bonneville WA Shore Ladder/AFF","5/20/2004 5:28:09 PM","1"
